vehicle_id,t0_image_csv,t1_image_csv,note,iou,reid_similarity,final_score,saved_filename
1,0001_top_20250618_t0.jpeg_detect.csv,0001_top_20250618_t1.jpeg_detect.csv,hungarian,0.5322964115098322,0.5535318851470947,0.5322964115098322,ID_1_HUNGARIAN_S0.53_I0.53_R0.55.jpg
2,0001_top_20250626_t0.jpg_detect.csv,0001_top_20250626_t1.jpg_detect.csv,hungarian,1.0,1.0000001192092896,1.0,ID_2_HUNGARIAN_S1.00_I1.00_R1.00.jpg
3,0001_top_20250626_t0.jpg_detect.csv,0001_top_20250626_t1.jpg_detect.csv,hungarian,1.0,0.9999998807907104,1.0,ID_3_HUNGARIAN_S1.00_I1.00_R1.00.jpg
4,0001_top_20250626_t0.jpg_detect.csv,0001_top_20250626_t1.jpg_detect.csv,hungarian,1.0,0.9999998807907104,1.0,ID_4_HUNGARIAN_S1.00_I1.00_R1.00.jpg
5,0001_top_20250626_t0.jpg_detect.csv,0001_top_20250626_t1.jpg_detect.csv,hungarian,1.0,1.0,1.0,ID_5_HUNGARIAN_S1.00_I1.00_R1.00.jpg
6,0001_top_20250626_t0.jpg_detect.csv,0001_top_20250626_t1.jpg_detect.csv,hungarian,1.0,1.0,1.0,ID_6_HUNGARIAN_S1.00_I1.00_R1.00.jpg
7,0001_top_20250626_t0.jpg_detect.csv,0001_top_20250626_t1.jpg_detect.csv,hungarian,1.0,1.0,1.0,ID_7_HUNGARIAN_S1.00_I1.00_R1.00.jpg
8,0001_top_20250626_t0.jpg_detect.csv,0001_top_20250626_t1.jpg_detect.csv,hungarian,1.0,1.0000001192092896,1.0,ID_8_HUNGARIAN_S1.00_I1.00_R1.00.jpg
9,0001_top_20250626_t0.jpg_detect.csv,0001_top_20250626_t1.jpg_detect.csv,hungarian,1.0,1.0,1.0,ID_9_HUNGARIAN_S1.00_I1.00_R1.00.jpg
10,0001_top_20250626_t0.jpg_detect.csv,0001_top_20250626_t1.jpg_detect.csv,hungarian,1.0,1.0,1.0,ID_10_HUNGARIAN_S1.00_I1.00_R1.00.jpg
11,0001_top_20250626_t0.jpg_detect.csv,0001_top_20250626_t1.jpg_detect.csv,hungarian,1.0,0.9999999403953552,1.0,ID_11_HUNGARIAN_S1.00_I1.00_R1.00.jpg
12,0001_top_20250626_t0.jpg_detect.csv,0001_top_20250626_t1.jpg_detect.csv,hungarian,1.0,1.0,1.0,ID_12_HUNGARIAN_S1.00_I1.00_R1.00.jpg
13,0001_top_20250626_t0.jpg_detect.csv,0001_top_20250626_t1.jpg_detect.csv,hungarian,1.0,1.0000001192092896,1.0,ID_13_HUNGARIAN_S1.00_I1.00_R1.00.jpg
14,0001_top_20250626_t0.jpg_detect.csv,0001_top_20250626_t1.jpg_detect.csv,hungarian,1.0,1.0,1.0,ID_14_HUNGARIAN_S1.00_I1.00_R1.00.jpg
15,0001_top_20250626_t0.jpg_detect.csv,0001_top_20250626_t1.jpg_detect.csv,hungarian,1.0,0.9999999403953552,1.0,ID_15_HUNGARIAN_S1.00_I1.00_R1.00.jpg
16,0001_top_20250626_t0.jpg_detect.csv,0001_top_20250626_t1.jpg_detect.csv,hungarian,1.0,0.9999999403953552,1.0,ID_16_HUNGARIAN_S1.00_I1.00_R1.00.jpg
17,0001_top_20250702_t0.jpg_detect.csv,0001_top_20250702_t1.jpg_detect.csv,hungarian,0.7266982622432859,0.8523668050765991,0.7266982622432859,ID_17_HUNGARIAN_S0.73_I0.73_R0.85.jpg
18,0001_top_20250702_t0.jpg_detect.csv,0001_top_20250702_t1.jpg_detect.csv,hungarian,0.4665461121157324,0.8380100727081299,0.4665461121157324,ID_18_HUNGARIAN_S0.47_I0.47_R0.84.jpg
19,0001_top_20250703_t0.JPG_detect.csv,0001_top_20250703_t1.JPG_detect.csv,hungarian,0.7644297111678588,0.7207036018371582,0.7644297111678588,ID_19_HUNGARIAN_S0.76_I0.76_R0.72.jpg
20,0001_top_20250703_t0.JPG_detect.csv,0001_top_20250703_t1.JPG_detect.csv,hungarian,0.873031682792639,0.8689122200012207,0.873031682792639,ID_20_HUNGARIAN_S0.87_I0.87_R0.87.jpg
21,0001_top_20250703_t0.JPG_detect.csv,0001_top_20250703_t1.JPG_detect.csv,hungarian,0.6275510204081632,0.7549769282341003,0.6275510204081632,ID_21_HUNGARIAN_S0.63_I0.63_R0.75.jpg
22,0001_top_20250703_t0.JPG_detect.csv,0001_top_20250703_t1.JPG_detect.csv,hungarian,0.7230560831001926,0.8324564695358276,0.7230560831001926,ID_22_HUNGARIAN_S0.72_I0.72_R0.83.jpg
23,0001_top_20250703_t0.JPG_detect.csv,0001_top_20250703_t1.JPG_detect.csv,hungarian,0.8440659622340577,0.9230147004127502,0.8440659622340577,ID_23_HUNGARIAN_S0.84_I0.84_R0.92.jpg
24,0001_top_20250703_t0.JPG_detect.csv,0001_top_20250703_t1.JPG_detect.csv,hungarian,0.8558751828376402,0.9001799821853638,0.8558751828376402,ID_24_HUNGARIAN_S0.86_I0.86_R0.90.jpg
25,0001_top_20250703_t0.JPG_detect.csv,0001_top_20250703_t1.JPG_detect.csv,hungarian,0.882012216527417,0.8476841449737549,0.882012216527417,ID_25_HUNGARIAN_S0.88_I0.88_R0.85.jpg
26,0001_top_20250703_t0.JPG_detect.csv,0001_top_20250703_t1.JPG_detect.csv,hungarian,0.8805413932645922,0.7731097340583801,0.8805413932645922,ID_26_HUNGARIAN_S0.88_I0.88_R0.77.jpg
28,0001_top_20250711_t0.jpg_detect.csv,0001_top_20250711_t1.jpg_detect.csv,hungarian,0.7715665796344647,1.0,0.7715665796344647,ID_28_HUNGARIAN_S0.77_I0.77_R1.00.jpg
29,0001_top_20250711_t0.jpg_detect.csv,0001_top_20250711_t1.jpg_detect.csv,hungarian,0.8894934333958724,1.0,0.8894934333958724,ID_29_HUNGARIAN_S0.89_I0.89_R1.00.jpg
30,0001_top_20250711_t0.jpg_detect.csv,0001_top_20250711_t1.jpg_detect.csv,hungarian,0.9170892753033065,1.0000001192092896,0.9170892753033065,ID_30_HUNGARIAN_S0.92_I0.92_R1.00.jpg
31,0001_top_20250711_t0.jpg_detect.csv,0001_top_20250711_t1.jpg_detect.csv,hungarian,0.9391382141188183,1.0000001192092896,0.9391382141188183,ID_31_HUNGARIAN_S0.94_I0.94_R1.00.jpg
32,0002_top_20250626_t0.jpg_detect.csv,0002_top_20250626_t1.jpg_detect.csv,hungarian,0.6853846153846154,0.5722429156303406,0.6853846153846154,ID_32_HUNGARIAN_S0.69_I0.69_R0.57.jpg
33,0002_top_20250626_t0.jpg_detect.csv,0002_top_20250626_t1.jpg_detect.csv,hungarian,0.7460732984293194,0.610986053943634,0.7460732984293194,ID_33_HUNGARIAN_S0.75_I0.75_R0.61.jpg
34,0002_top_20250626_t0.jpg_detect.csv,0002_top_20250626_t1.jpg_detect.csv,hungarian,0.7176913425345044,0.641682505607605,0.7176913425345044,ID_34_HUNGARIAN_S0.72_I0.72_R0.64.jpg
35,0002_top_20250626_t0.jpg_detect.csv,0002_top_20250626_t1.jpg_detect.csv,hungarian,0.6570660522273426,0.3239688575267792,0.6570660522273426,ID_35_HUNGARIAN_S0.66_I0.66_R0.32.jpg
36,0002_top_20250626_t0.jpg_detect.csv,0002_top_20250626_t1.jpg_detect.csv,hungarian,0.6895761741122566,0.5144404768943787,0.6895761741122566,ID_36_HUNGARIAN_S0.69_I0.69_R0.51.jpg
37,0002_top_20250626_t0.jpg_detect.csv,0002_top_20250626_t1.jpg_detect.csv,hungarian,0.42516268980477223,0.7294043898582458,0.42516268980477223,ID_37_HUNGARIAN_S0.43_I0.43_R0.73.jpg
40,0002_top_20250704_t0.JPG_detect.csv,0002_top_20250704_t1.JPG_detect.csv,hungarian,0.5343266140812153,0.7544397115707397,0.5343266140812153,ID_40_HUNGARIAN_S0.53_I0.53_R0.75.jpg
42,0002_top_20250705_t0.png_detect.csv,0002_top_20250705_t1.png_detect.csv,hungarian,0.4810126582278481,0.872462809085846,0.4810126582278481,ID_42_HUNGARIAN_S0.48_I0.48_R0.87.jpg
43,0002_top_20250705_t0.png_detect.csv,0002_top_20250705_t1.png_detect.csv,hungarian,0.8,0.8103963732719421,0.8,ID_43_HUNGARIAN_S0.80_I0.80_R0.81.jpg
44,0002_top_20250705_t0.png_detect.csv,0002_top_20250705_t1.png_detect.csv,hungarian,0.8854166666666666,0.7929676175117493,0.8854166666666666,ID_44_HUNGARIAN_S0.89_I0.89_R0.79.jpg
45,0002_top_20250705_t0.png_detect.csv,0002_top_20250705_t1.png_detect.csv,hungarian,0.7712177121771218,0.9022831916809082,0.7712177121771218,ID_45_HUNGARIAN_S0.77_I0.77_R0.90.jpg
46,0002_top_20250705_t0.png_detect.csv,0002_top_20250705_t1.png_detect.csv,hungarian,0.6666666666666666,0.8286260962486267,0.6666666666666666,ID_46_HUNGARIAN_S0.67_I0.67_R0.83.jpg
47,0002_top_20250705_t0.png_detect.csv,0002_top_20250705_t1.png_detect.csv,hungarian,0.7802197802197802,0.5381409525871277,0.7802197802197802,ID_47_HUNGARIAN_S0.78_I0.78_R0.54.jpg
48,0002_top_20250705_t0.png_detect.csv,0002_top_20250705_t1.png_detect.csv,hungarian,0.8863636363636364,0.8587422370910645,0.8863636363636364,ID_48_HUNGARIAN_S0.89_I0.89_R0.86.jpg
49,0002_top_20250705_t0.png_detect.csv,0002_top_20250705_t1.png_detect.csv,hungarian,0.8730512249443207,0.7011178731918335,0.8730512249443207,ID_49_HUNGARIAN_S0.87_I0.87_R0.70.jpg
50,0002_top_20250705_t0.png_detect.csv,0002_top_20250705_t1.png_detect.csv,hungarian,0.7652554164182072,0.7435351610183716,0.7652554164182072,ID_50_HUNGARIAN_S0.77_I0.77_R0.74.jpg
51,0002_top_20250705_t0.png_detect.csv,0002_top_20250705_t1.png_detect.csv,hungarian,0.771040218470705,0.7729012966156006,0.771040218470705,ID_51_HUNGARIAN_S0.77_I0.77_R0.77.jpg
52,0002_top_20250705_t0.png_detect.csv,0002_top_20250705_t1.png_detect.csv,hungarian,0.7509578544061303,0.6770387887954712,0.7509578544061303,ID_52_HUNGARIAN_S0.75_I0.75_R0.68.jpg
53,0002_top_20250705_t0.png_detect.csv,0002_top_20250705_t1.png_detect.csv,hungarian,0.9692307692307692,0.8814377188682556,0.9692307692307692,ID_53_HUNGARIAN_S0.97_I0.97_R0.88.jpg
54,0002_top_20250705_t0.png_detect.csv,0002_top_20250705_t1.png_detect.csv,hungarian,0.66,0.8313859701156616,0.66,ID_54_HUNGARIAN_S0.66_I0.66_R0.83.jpg
55,0002_top_20250705_t0.png_detect.csv,0002_top_20250705_t1.png_detect.csv,hungarian,0.5779816513761468,0.7640297412872314,0.5779816513761468,ID_55_HUNGARIAN_S0.58_I0.58_R0.76.jpg
56,0002_top_20250705_t0.png_detect.csv,0002_top_20250705_t1.png_detect.csv,hungarian,0.9157725983475151,0.8296569585800171,0.9157725983475151,ID_56_HUNGARIAN_S0.92_I0.92_R0.83.jpg
57,0002_top_20250705_t0.png_detect.csv,0002_top_20250705_t1.png_detect.csv,hungarian,0.7894736842105263,0.83567214012146,0.7894736842105263,ID_57_HUNGARIAN_S0.79_I0.79_R0.84.jpg
58,0002_top_20250705_t0.png_detect.csv,0002_top_20250705_t1.png_detect.csv,hungarian,0.7377049180327869,0.857738196849823,0.7377049180327869,ID_58_HUNGARIAN_S0.74_I0.74_R0.86.jpg
59,0002_top_20250705_t0.png_detect.csv,0002_top_20250705_t1.png_detect.csv,hungarian,0.677572780393206,0.8289677500724792,0.677572780393206,ID_59_HUNGARIAN_S0.68_I0.68_R0.83.jpg
60,0002_top_20250705_t0.png_detect.csv,0002_top_20250705_t1.png_detect.csv,hungarian,0.7649478013286934,0.8707965612411499,0.7649478013286934,ID_60_HUNGARIAN_S0.76_I0.76_R0.87.jpg
61,0002_top_20250705_t0.png_detect.csv,0002_top_20250705_t1.png_detect.csv,hungarian,0.5670103092783505,0.6570829749107361,0.5670103092783505,ID_61_HUNGARIAN_S0.57_I0.57_R0.66.jpg
62,0002_top_20250705_t0.png_detect.csv,0002_top_20250705_t1.png_detect.csv,reid_assist,0.8448064459625153,0.8988349437713623,0.8448064459625153,ID_62_REID_ASSIST_S0.84_I0.84_R0.90.jpg
127,0002_top_20250711_t0.JPG_detect.csv,0002_top_20250711_t1.JPG_detect.csv,hungarian,1.0,1.0,1.0,ID_127_HUNGARIAN_S1.00_I1.00_R1.00.jpg
128,0002_top_20250711_t0.JPG_detect.csv,0002_top_20250711_t1.JPG_detect.csv,hungarian,1.0,0.9999998807907104,1.0,ID_128_HUNGARIAN_S1.00_I1.00_R1.00.jpg
129,0002_top_20250711_t0.JPG_detect.csv,0002_top_20250711_t1.JPG_detect.csv,hungarian,1.0,1.0,1.0,ID_129_HUNGARIAN_S1.00_I1.00_R1.00.jpg
130,0002_top_20250711_t0.JPG_detect.csv,0002_top_20250711_t1.JPG_detect.csv,hungarian,1.0,1.0,1.0,ID_130_HUNGARIAN_S1.00_I1.00_R1.00.jpg
131,0002_top_20250711_t0.JPG_detect.csv,0002_top_20250711_t1.JPG_detect.csv,hungarian,1.0,1.0,1.0,ID_131_HUNGARIAN_S1.00_I1.00_R1.00.jpg
132,0002_top_20250711_t0.JPG_detect.csv,0002_top_20250711_t1.JPG_detect.csv,hungarian,1.0,1.0000001192092896,1.0,ID_132_HUNGARIAN_S1.00_I1.00_R1.00.jpg
133,0002_top_20250711_t0.JPG_detect.csv,0002_top_20250711_t1.JPG_detect.csv,hungarian,1.0,1.0,1.0,ID_133_HUNGARIAN_S1.00_I1.00_R1.00.jpg
134,0002_top_20250711_t0.JPG_detect.csv,0002_top_20250711_t1.JPG_detect.csv,hungarian,1.0,1.0000001192092896,1.0,ID_134_HUNGARIAN_S1.00_I1.00_R1.00.jpg
135,0002_top_20250711_t0.JPG_detect.csv,0002_top_20250711_t1.JPG_detect.csv,hungarian,1.0,1.0,1.0,ID_135_HUNGARIAN_S1.00_I1.00_R1.00.jpg
136,0002_top_20250711_t0.JPG_detect.csv,0002_top_20250711_t1.JPG_detect.csv,hungarian,1.0,1.0,1.0,ID_136_HUNGARIAN_S1.00_I1.00_R1.00.jpg
137,0002_top_20250711_t0.JPG_detect.csv,0002_top_20250711_t1.JPG_detect.csv,hungarian,1.0,1.0000001192092896,1.0,ID_137_HUNGARIAN_S1.00_I1.00_R1.00.jpg
138,0002_top_20250711_t0.JPG_detect.csv,0002_top_20250711_t1.JPG_detect.csv,hungarian,1.0,1.0,1.0,ID_138_HUNGARIAN_S1.00_I1.00_R1.00.jpg
139,0002_top_20250711_t0.JPG_detect.csv,0002_top_20250711_t1.JPG_detect.csv,hungarian,1.0,1.0,1.0,ID_139_HUNGARIAN_S1.00_I1.00_R1.00.jpg
140,0003_top_20250626_t0.jpg_detect.csv,0003_top_20250626_t1.jpg_detect.csv,hungarian,0.3940413262854397,0.6907737851142883,0.3940413262854397,ID_140_HUNGARIAN_S0.39_I0.39_R0.69.jpg
141,0003_top_20250626_t0.jpg_detect.csv,0003_top_20250626_t1.jpg_detect.csv,hungarian,0.40260832982751366,0.9019011855125427,0.40260832982751366,ID_141_HUNGARIAN_S0.40_I0.40_R0.90.jpg
142,0003_top_20250626_t0.jpg_detect.csv,0003_top_20250626_t1.jpg_detect.csv,hungarian,0.4114420062695925,0.943928599357605,0.4114420062695925,ID_142_HUNGARIAN_S0.41_I0.41_R0.94.jpg
143,0003_top_20250626_t0.jpg_detect.csv,0003_top_20250626_t1.jpg_detect.csv,hungarian,0.5331125827814569,0.7491304874420166,0.5331125827814569,ID_143_HUNGARIAN_S0.53_I0.53_R0.75.jpg
145,0003_top_20250711_t0.JPG_detect.csv,0003_top_20250711_t1.JPG_detect.csv,hungarian,0.8116504854368932,1.0,0.8116504854368932,ID_145_HUNGARIAN_S0.81_I0.81_R1.00.jpg
149,0004_top_20250623_t0.jpg_detect.csv,0004_top_20250623_t1.jpg_detect.csv,hungarian,0.5214790996784566,0.8227211833000183,0.5214790996784566,ID_149_HUNGARIAN_S0.52_I0.52_R0.82.jpg
156,0004_top_20250702_t0.jpg_detect.csv,0004_top_20250702_t1.jpg_detect.csv,hungarian,0.3377210518222359,0.6883260607719421,0.3377210518222359,ID_156_HUNGARIAN_S0.34_I0.34_R0.69.jpg
157,0004_top_20250702_t0.jpg_detect.csv,0004_top_20250702_t1.jpg_detect.csv,hungarian,0.582266697696067,0.6023629307746887,0.582266697696067,ID_157_HUNGARIAN_S0.58_I0.58_R0.60.jpg
160,0004_top_20250703_t0.JPG_detect.csv,0004_top_20250703_t1.JPG_detect.csv,hungarian,1.0,1.0,1.0,ID_160_HUNGARIAN_S1.00_I1.00_R1.00.jpg
161,0004_top_20250703_t0.JPG_detect.csv,0004_top_20250703_t1.JPG_detect.csv,hungarian,1.0,0.9999999403953552,1.0,ID_161_HUNGARIAN_S1.00_I1.00_R1.00.jpg
162,0004_top_20250703_t0.JPG_detect.csv,0004_top_20250703_t1.JPG_detect.csv,hungarian,1.0,1.0,1.0,ID_162_HUNGARIAN_S1.00_I1.00_R1.00.jpg
187,0004_top_20250709_t0.JPG_detect.csv,0004_top_20250709_t1.JPG_detect.csv,hungarian,0.6399747793190416,0.9999998807907104,0.6399747793190416,ID_187_HUNGARIAN_S0.64_I0.64_R1.00.jpg
188,0004_top_20250709_t0.JPG_detect.csv,0004_top_20250709_t1.JPG_detect.csv,hungarian,0.8705440900562852,0.9999998807907104,0.8705440900562852,ID_188_HUNGARIAN_S0.87_I0.87_R1.00.jpg
189,0004_top_20250709_t0.JPG_detect.csv,0004_top_20250709_t1.JPG_detect.csv,hungarian,0.8615542974781266,1.0,0.8615542974781266,ID_189_HUNGARIAN_S0.86_I0.86_R1.00.jpg
190,0004_top_20250709_t0.JPG_detect.csv,0004_top_20250709_t1.JPG_detect.csv,hungarian,0.78267144540928,0.9999999403953552,0.78267144540928,ID_190_HUNGARIAN_S0.78_I0.78_R1.00.jpg
191,0005_top_20250704_t0.JPG_detect.csv,0005_top_20250704_t1.JPG_detect.csv,hungarian,0.7662668120683388,0.7154486775398254,0.7662668120683388,ID_191_HUNGARIAN_S0.77_I0.77_R0.72.jpg
192,0005_top_20250704_t0.JPG_detect.csv,0005_top_20250704_t1.JPG_detect.csv,hungarian,0.7297239460731864,0.866983950138092,0.7297239460731864,ID_192_HUNGARIAN_S0.73_I0.73_R0.87.jpg
193,0005_top_20250704_t0.JPG_detect.csv,0005_top_20250704_t1.JPG_detect.csv,hungarian,0.8350515463917526,0.6453025937080383,0.8350515463917526,ID_193_HUNGARIAN_S0.84_I0.84_R0.65.jpg
196,0005_top_20250709_t0.png_detect.csv,0005_top_20250709_t1.png_detect.csv,hungarian,0.673180263800684,0.6874207854270935,0.673180263800684,ID_196_HUNGARIAN_S0.67_I0.67_R0.69.jpg
197,0005_top_20250709_t0.png_detect.csv,0005_top_20250709_t1.png_detect.csv,hungarian,0.7277657266811279,0.9441321492195129,0.7277657266811279,ID_197_HUNGARIAN_S0.73_I0.73_R0.94.jpg
198,0005_top_20250709_t0.png_detect.csv,0005_top_20250709_t1.png_detect.csv,hungarian,0.8620249936240755,0.7004920840263367,0.8620249936240755,ID_198_HUNGARIAN_S0.86_I0.86_R0.70.jpg
200,0006_top_20250624_t0.jpg_detect.csv,0006_top_20250624_t1.jpg_detect.csv,hungarian,0.5829113924050633,0.6086918711662292,0.5829113924050633,ID_200_HUNGARIAN_S0.58_I0.58_R0.61.jpg
203,0006_top_20250703_t0.png_detect.csv,0006_top_20250703_t1.png_detect.csv,hungarian,0.9317557574477076,0.44287678599357605,0.9317557574477076,ID_203_HUNGARIAN_S0.93_I0.93_R0.44.jpg
204,0006_top_20250703_t0.png_detect.csv,0006_top_20250703_t1.png_detect.csv,hungarian,0.866079703429101,0.6590655446052551,0.866079703429101,ID_204_HUNGARIAN_S0.87_I0.87_R0.66.jpg
205,0006_top_20250703_t0.png_detect.csv,0006_top_20250703_t1.png_detect.csv,hungarian,0.863627070128808,0.7946337461471558,0.863627070128808,ID_205_HUNGARIAN_S0.86_I0.86_R0.79.jpg
206,0006_top_20250703_t0.png_detect.csv,0006_top_20250703_t1.png_detect.csv,hungarian,0.8079340462003102,0.8018509149551392,0.8079340462003102,ID_206_HUNGARIAN_S0.81_I0.81_R0.80.jpg
209,0007_top_20250623_t0.jpg_detect.csv,0007_top_20250623_t1.jpg_detect.csv,hungarian,0.34293879495117885,0.45324134826660156,0.34293879495117885,ID_209_HUNGARIAN_S0.34_I0.34_R0.45.jpg
210,0007_top_20250623_t0.jpg_detect.csv,0007_top_20250623_t1.jpg_detect.csv,hungarian,0.4755043227665706,0.7609178423881531,0.4755043227665706,ID_210_HUNGARIAN_S0.48_I0.48_R0.76.jpg
211,0007_top_20250623_t0.jpg_detect.csv,0007_top_20250623_t1.jpg_detect.csv,hungarian,0.6416236162361624,0.7304204702377319,0.6416236162361624,ID_211_HUNGARIAN_S0.64_I0.64_R0.73.jpg
218,0007_top_20250702_t0.jpg_detect.csv,0007_top_20250702_t1.jpg_detect.csv,hungarian,0.44232790331056226,0.7808634638786316,0.44232790331056226,ID_218_HUNGARIAN_S0.44_I0.44_R0.78.jpg
222,0007_top_20250703_t0.png_detect.csv,0007_top_20250703_t1.png_detect.csv,hungarian,0.6053315994798439,0.7499087452888489,0.6053315994798439,ID_222_HUNGARIAN_S0.61_I0.61_R0.75.jpg
223,0007_top_20250703_t0.png_detect.csv,0007_top_20250703_t1.png_detect.csv,hungarian,0.3139269406392694,0.771087646484375,0.3139269406392694,ID_223_HUNGARIAN_S0.31_I0.31_R0.77.jpg
228,0007_top_20250704_t0.JPG_detect.csv,0007_top_20250704_t1.JPG_detect.csv,hungarian,0.44515669515669515,0.5479060411453247,0.44515669515669515,ID_228_HUNGARIAN_S0.45_I0.45_R0.55.jpg
229,0007_top_20250704_t0.JPG_detect.csv,0007_top_20250704_t1.JPG_detect.csv,hungarian,0.8836104513064132,0.8514251112937927,0.8836104513064132,ID_229_HUNGARIAN_S0.88_I0.88_R0.85.jpg
230,0007_top_20250705_t0.JPG_detect.csv,0007_top_20250705_t1.JPG_detect.csv,hungarian,0.7853881278538812,0.9999999403953552,0.7853881278538812,ID_230_HUNGARIAN_S0.79_I0.79_R1.00.jpg
231,0007_top_20250705_t0.JPG_detect.csv,0007_top_20250705_t1.JPG_detect.csv,hungarian,0.8841393390327932,1.0,0.8841393390327932,ID_231_HUNGARIAN_S0.88_I0.88_R1.00.jpg
232,0007_top_20250705_t0.JPG_detect.csv,0007_top_20250705_t1.JPG_detect.csv,hungarian,0.714818763326226,1.0,0.714818763326226,ID_232_HUNGARIAN_S0.71_I0.71_R1.00.jpg
240,0008_top_20250626_t0.jpg_detect.csv,0008_top_20250626_t1.jpg_detect.csv,hungarian,1.0,1.0,1.0,ID_240_HUNGARIAN_S1.00_I1.00_R1.00.jpg
241,0008_top_20250626_t0.jpg_detect.csv,0008_top_20250626_t1.jpg_detect.csv,hungarian,1.0,1.0,1.0,ID_241_HUNGARIAN_S1.00_I1.00_R1.00.jpg
242,0008_top_20250626_t0.jpg_detect.csv,0008_top_20250626_t1.jpg_detect.csv,hungarian,1.0,1.0,1.0,ID_242_HUNGARIAN_S1.00_I1.00_R1.00.jpg
243,0008_top_20250626_t0.jpg_detect.csv,0008_top_20250626_t1.jpg_detect.csv,hungarian,1.0,1.0000001192092896,1.0,ID_243_HUNGARIAN_S1.00_I1.00_R1.00.jpg
244,0008_top_20250626_t0.jpg_detect.csv,0008_top_20250626_t1.jpg_detect.csv,hungarian,1.0,0.9999999403953552,1.0,ID_244_HUNGARIAN_S1.00_I1.00_R1.00.jpg
245,0008_top_20250626_t0.jpg_detect.csv,0008_top_20250626_t1.jpg_detect.csv,hungarian,1.0,1.0,1.0,ID_245_HUNGARIAN_S1.00_I1.00_R1.00.jpg
246,0008_top_20250626_t0.jpg_detect.csv,0008_top_20250626_t1.jpg_detect.csv,hungarian,1.0,1.0000001192092896,1.0,ID_246_HUNGARIAN_S1.00_I1.00_R1.00.jpg
247,0008_top_20250626_t0.jpg_detect.csv,0008_top_20250626_t1.jpg_detect.csv,hungarian,1.0,1.0,1.0,ID_247_HUNGARIAN_S1.00_I1.00_R1.00.jpg
248,0008_top_20250626_t0.jpg_detect.csv,0008_top_20250626_t1.jpg_detect.csv,hungarian,1.0,1.0000001192092896,1.0,ID_248_HUNGARIAN_S1.00_I1.00_R1.00.jpg
249,0008_top_20250707_t0.JPG_detect.csv,0008_top_20250707_t1.JPG_detect.csv,hungarian,0.3065585421571643,0.6921879649162292,0.3065585421571643,ID_249_HUNGARIAN_S0.31_I0.31_R0.69.jpg
250,0008_top_20250707_t0.JPG_detect.csv,0008_top_20250707_t1.JPG_detect.csv,hungarian,0.35264296075680135,0.7904292345046997,0.35264296075680135,ID_250_HUNGARIAN_S0.35_I0.35_R0.79.jpg
251,0008_top_20250707_t0.JPG_detect.csv,0008_top_20250707_t1.JPG_detect.csv,hungarian,0.8739495798319328,0.8154336810112,0.8739495798319328,ID_251_HUNGARIAN_S0.87_I0.87_R0.82.jpg
252,0008_top_20250707_t0.JPG_detect.csv,0008_top_20250707_t1.JPG_detect.csv,hungarian,0.9384057971014492,0.9032570123672485,0.9384057971014492,ID_252_HUNGARIAN_S0.94_I0.94_R0.90.jpg
253,0008_top_20250707_t0.JPG_detect.csv,0008_top_20250707_t1.JPG_detect.csv,hungarian,0.636662721069489,0.8092389106750488,0.636662721069489,ID_253_HUNGARIAN_S0.64_I0.64_R0.81.jpg
254,0008_top_20250707_t0.JPG_detect.csv,0008_top_20250707_t1.JPG_detect.csv,hungarian,0.5143503538263225,0.7864090800285339,0.5143503538263225,ID_254_HUNGARIAN_S0.51_I0.51_R0.79.jpg
255,0008_top_20250707_t0.JPG_detect.csv,0008_top_20250707_t1.JPG_detect.csv,hungarian,0.8549502445606342,0.8038092851638794,0.8549502445606342,ID_255_HUNGARIAN_S0.85_I0.85_R0.80.jpg
256,0008_top_20250707_t0.JPG_detect.csv,0008_top_20250707_t1.JPG_detect.csv,hungarian,0.7660733106921185,0.8887707591056824,0.7660733106921185,ID_256_HUNGARIAN_S0.77_I0.77_R0.89.jpg
257,0008_top_20250707_t0.JPG_detect.csv,0008_top_20250707_t1.JPG_detect.csv,hungarian,0.8406885758998435,0.7685667872428894,0.8406885758998435,ID_257_HUNGARIAN_S0.84_I0.84_R0.77.jpg
258,0008_top_20250707_t0.JPG_detect.csv,0008_top_20250707_t1.JPG_detect.csv,hungarian,0.8498224251648909,0.7542799711227417,0.8498224251648909,ID_258_HUNGARIAN_S0.85_I0.85_R0.75.jpg
259,0008_top_20250707_t0.JPG_detect.csv,0008_top_20250707_t1.JPG_detect.csv,hungarian,0.9098307988862712,0.8590861558914185,0.9098307988862712,ID_259_HUNGARIAN_S0.91_I0.91_R0.86.jpg
260,0008_top_20250707_t0.JPG_detect.csv,0008_top_20250707_t1.JPG_detect.csv,hungarian,0.787124060150376,0.7320411801338196,0.787124060150376,ID_260_HUNGARIAN_S0.79_I0.79_R0.73.jpg
261,0008_top_20250707_t0.JPG_detect.csv,0008_top_20250707_t1.JPG_detect.csv,hungarian,0.8776458440887971,0.8136564493179321,0.8776458440887971,ID_261_HUNGARIAN_S0.88_I0.88_R0.81.jpg
262,0008_top_20250707_t0.JPG_detect.csv,0008_top_20250707_t1.JPG_detect.csv,hungarian,0.8873945629749562,0.6947698593139648,0.8873945629749562,ID_262_HUNGARIAN_S0.89_I0.89_R0.69.jpg
263,0008_top_20250707_t0.JPG_detect.csv,0008_top_20250707_t1.JPG_detect.csv,hungarian,0.834436289255204,0.8304595351219177,0.834436289255204,ID_263_HUNGARIAN_S0.83_I0.83_R0.83.jpg
264,0008_top_20250707_t0.JPG_detect.csv,0008_top_20250707_t1.JPG_detect.csv,hungarian,0.7943485086342229,0.8450989127159119,0.7943485086342229,ID_264_HUNGARIAN_S0.79_I0.79_R0.85.jpg
265,0008_top_20250707_t0.JPG_detect.csv,0008_top_20250707_t1.JPG_detect.csv,hungarian,0.8596810933940775,0.8452299237251282,0.8596810933940775,ID_265_HUNGARIAN_S0.86_I0.86_R0.85.jpg
266,0008_top_20250707_t0.JPG_detect.csv,0008_top_20250707_t1.JPG_detect.csv,hungarian,0.8795420607267297,0.8290678858757019,0.8795420607267297,ID_266_HUNGARIAN_S0.88_I0.88_R0.83.jpg
267,0008_top_20250707_t0.JPG_detect.csv,0008_top_20250707_t1.JPG_detect.csv,hungarian,0.8534599728629579,0.873759388923645,0.8534599728629579,ID_267_HUNGARIAN_S0.85_I0.85_R0.87.jpg
268,0008_top_20250707_t0.JPG_detect.csv,0008_top_20250707_t1.JPG_detect.csv,hungarian,0.6225740551583249,0.6485913395881653,0.6225740551583249,ID_268_HUNGARIAN_S0.62_I0.62_R0.65.jpg
269,0008_top_20250707_t0.JPG_detect.csv,0008_top_20250707_t1.JPG_detect.csv,hungarian,0.839030453697949,0.5952894687652588,0.839030453697949,ID_269_HUNGARIAN_S0.84_I0.84_R0.60.jpg
270,0008_top_20250707_t0.JPG_detect.csv,0008_top_20250707_t1.JPG_detect.csv,hungarian,0.8070175438596491,0.7228947281837463,0.8070175438596491,ID_270_HUNGARIAN_S0.81_I0.81_R0.72.jpg
271,0008_top_20250707_t0.JPG_detect.csv,0008_top_20250707_t1.JPG_detect.csv,hungarian,0.7829024676850764,0.7866727709770203,0.7829024676850764,ID_271_HUNGARIAN_S0.78_I0.78_R0.79.jpg
272,0008_top_20250707_t0.JPG_detect.csv,0008_top_20250707_t1.JPG_detect.csv,hungarian,0.8472468916518651,0.4907151460647583,0.8472468916518651,ID_272_HUNGARIAN_S0.85_I0.85_R0.49.jpg
273,0008_top_20250707_t0.JPG_detect.csv,0008_top_20250707_t1.JPG_detect.csv,hungarian,0.8838174273858921,0.6514183878898621,0.8838174273858921,ID_273_HUNGARIAN_S0.88_I0.88_R0.65.jpg
274,0008_top_20250707_t0.JPG_detect.csv,0008_top_20250707_t1.JPG_detect.csv,hungarian,0.7805291723202171,0.790916919708252,0.7805291723202171,ID_274_HUNGARIAN_S0.78_I0.78_R0.79.jpg
275,0008_top_20250707_t0.JPG_detect.csv,0008_top_20250707_t1.JPG_detect.csv,hungarian,0.8474178403755869,0.6433054804801941,0.8474178403755869,ID_275_HUNGARIAN_S0.85_I0.85_R0.64.jpg
276,0008_top_20250707_t0.JPG_detect.csv,0008_top_20250707_t1.JPG_detect.csv,hungarian,0.9615243679003298,0.7516226768493652,0.9615243679003298,ID_276_HUNGARIAN_S0.96_I0.96_R0.75.jpg
278,0008_top_20250709_t0.png_detect.csv,0008_top_20250709_t1.png_detect.csv,hungarian,0.7381835032437442,1.0,0.7381835032437442,ID_278_HUNGARIAN_S0.74_I0.74_R1.00.jpg
279,0008_top_20250709_t0.png_detect.csv,0008_top_20250709_t1.png_detect.csv,hungarian,0.801473439317565,1.0,0.801473439317565,ID_279_HUNGARIAN_S0.80_I0.80_R1.00.jpg
280,0008_top_20250709_t0.png_detect.csv,0008_top_20250709_t1.png_detect.csv,hungarian,0.8046344386735917,1.0,0.8046344386735917,ID_280_HUNGARIAN_S0.80_I0.80_R1.00.jpg
281,0008_top_20250709_t0.png_detect.csv,0008_top_20250709_t1.png_detect.csv,hungarian,0.827027027027027,1.0,0.827027027027027,ID_281_HUNGARIAN_S0.83_I0.83_R1.00.jpg
282,0008_top_20250709_t0.png_detect.csv,0008_top_20250709_t1.png_detect.csv,hungarian,0.7766233766233767,1.0,0.7766233766233767,ID_282_HUNGARIAN_S0.78_I0.78_R1.00.jpg
283,0008_top_20250709_t0.png_detect.csv,0008_top_20250709_t1.png_detect.csv,hungarian,0.8186833394630378,1.0,0.8186833394630378,ID_283_HUNGARIAN_S0.82_I0.82_R1.00.jpg
284,0008_top_20250709_t0.png_detect.csv,0008_top_20250709_t1.png_detect.csv,hungarian,0.7511792452830188,1.0,0.7511792452830188,ID_284_HUNGARIAN_S0.75_I0.75_R1.00.jpg
285,0008_top_20250709_t0.png_detect.csv,0008_top_20250709_t1.png_detect.csv,hungarian,0.8341404358353511,1.0000001192092896,0.8341404358353511,ID_285_HUNGARIAN_S0.83_I0.83_R1.00.jpg
286,0008_top_20250709_t0.png_detect.csv,0008_top_20250709_t1.png_detect.csv,hungarian,0.875,1.0,0.875,ID_286_HUNGARIAN_S0.88_I0.88_R1.00.jpg
287,0008_top_20250709_t0.png_detect.csv,0008_top_20250709_t1.png_detect.csv,hungarian,0.8420019627085378,1.0,0.8420019627085378,ID_287_HUNGARIAN_S0.84_I0.84_R1.00.jpg
288,0008_top_20250709_t0.png_detect.csv,0008_top_20250709_t1.png_detect.csv,hungarian,0.6272780717225162,1.0000001192092896,0.6272780717225162,ID_288_HUNGARIAN_S0.63_I0.63_R1.00.jpg
289,0008_top_20250709_t0.png_detect.csv,0008_top_20250709_t1.png_detect.csv,hungarian,0.6290970606893636,1.0,0.6290970606893636,ID_289_HUNGARIAN_S0.63_I0.63_R1.00.jpg
290,0008_top_20250709_t0.png_detect.csv,0008_top_20250709_t1.png_detect.csv,hungarian,0.5264797507788161,0.9999998807907104,0.5264797507788161,ID_290_HUNGARIAN_S0.53_I0.53_R1.00.jpg
291,0009_top_20250703_t0.png_detect.csv,0009_top_20250703_t1.png_detect.csv,hungarian,0.45019788918205805,0.8337002992630005,0.45019788918205805,ID_291_HUNGARIAN_S0.45_I0.45_R0.83.jpg
292,0009_top_20250703_t0.png_detect.csv,0009_top_20250703_t1.png_detect.csv,hungarian,0.5125448028673835,0.7959528565406799,0.5125448028673835,ID_292_HUNGARIAN_S0.51_I0.51_R0.80.jpg
293,0009_top_20250704_t0.png_detect.csv,0009_top_20250704_t1.png_detect.csv,hungarian,0.5086238532110092,0.7605106234550476,0.5086238532110092,ID_293_HUNGARIAN_S0.51_I0.51_R0.76.jpg
294,0009_top_20250704_t0.png_detect.csv,0009_top_20250704_t1.png_detect.csv,hungarian,0.5518662142510906,0.8293715119361877,0.5518662142510906,ID_294_HUNGARIAN_S0.55_I0.55_R0.83.jpg
296,0009_top_20250705_t0.png_detect.csv,0009_top_20250705_t1.JPG_detect.csv,hungarian,0.3304140127388535,0.6947744488716125,0.3304140127388535,ID_296_HUNGARIAN_S0.33_I0.33_R0.69.jpg
297,0009_top_20250705_t0.png_detect.csv,0009_top_20250705_t1.JPG_detect.csv,hungarian,0.3294580270131646,0.5609568953514099,0.3294580270131646,ID_297_HUNGARIAN_S0.33_I0.33_R0.56.jpg
298,0009_top_20250705_t0.png_detect.csv,0009_top_20250705_t1.JPG_detect.csv,reid_assist,0.19721050924424263,0.8597853183746338,0.19721050924424263,ID_298_REID_ASSIST_S0.20_I0.20_R0.86.jpg
380,0009_top_20250707_t0.png_detect.csv,0009_top_20250707_t1.png_detect.csv,hungarian,0.3102517985611511,0.6665154695510864,0.3102517985611511,ID_380_HUNGARIAN_S0.31_I0.31_R0.67.jpg
381,0009_top_20250707_t0.png_detect.csv,0009_top_20250707_t1.png_detect.csv,hungarian,0.5661971830985916,0.48373061418533325,0.5661971830985916,ID_381_HUNGARIAN_S0.57_I0.57_R0.48.jpg
382,0009_top_20250707_t0.png_detect.csv,0009_top_20250707_t1.png_detect.csv,hungarian,0.43142068119054927,0.7104430794715881,0.43142068119054927,ID_382_HUNGARIAN_S0.43_I0.43_R0.71.jpg
383,0009_top_20250707_t0.png_detect.csv,0009_top_20250707_t1.png_detect.csv,hungarian,0.4286096972944013,0.718050479888916,0.4286096972944013,ID_383_HUNGARIAN_S0.43_I0.43_R0.72.jpg
384,0009_top_20250707_t0.png_detect.csv,0009_top_20250707_t1.png_detect.csv,reid_assist,0.11231101511879049,0.8912864923477173,0.11231101511879049,ID_384_REID_ASSIST_S0.11_I0.11_R0.89.jpg
394,0010_top_20250623_t0.jpg_detect.csv,0010_top_20250623_t1.jpg_detect.csv,hungarian,0.35716525556600814,0.6381602883338928,0.35716525556600814,ID_394_HUNGARIAN_S0.36_I0.36_R0.64.jpg
402,0010_top_20250704_t0.png_detect.csv,0010_top_20250704_t1.png_detect.csv,hungarian,0.8063750423872499,0.7790669202804565,0.8063750423872499,ID_402_HUNGARIAN_S0.81_I0.81_R0.78.jpg
403,0010_top_20250704_t0.png_detect.csv,0010_top_20250704_t1.png_detect.csv,hungarian,0.8792877716679759,0.7522708177566528,0.8792877716679759,ID_403_HUNGARIAN_S0.88_I0.88_R0.75.jpg
405,0010_top_20250708_t0.JPG_detect.csv,0010_top_20250708_t1.JPG_detect.csv,hungarian,0.4866716306775875,0.8540820479393005,0.4866716306775875,ID_405_HUNGARIAN_S0.49_I0.49_R0.85.jpg
406,0010_top_20250708_t0.JPG_detect.csv,0010_top_20250708_t1.JPG_detect.csv,hungarian,0.37727272727272726,0.9556720852851868,0.37727272727272726,ID_406_HUNGARIAN_S0.38_I0.38_R0.96.jpg
407,0010_top_20250708_t0.JPG_detect.csv,0010_top_20250708_t1.JPG_detect.csv,hungarian,0.6568253160261305,0.6914039254188538,0.6568253160261305,ID_407_HUNGARIAN_S0.66_I0.66_R0.69.jpg
409,0011_top_20250623_t0.jpg_detect.csv,0011_top_20250623_t1.jpg_detect.csv,reid_assist,0.09073724007561437,0.8212383389472961,0.09073724007561437,ID_409_REID_ASSIST_S0.09_I0.09_R0.82.jpg
410,0011_top_20250623_t0.jpg_detect.csv,0011_top_20250623_t1.jpg_detect.csv,reid_assist,0.16563686443832354,0.8557407259941101,0.16563686443832354,ID_410_REID_ASSIST_S0.17_I0.17_R0.86.jpg
411,0011_top_20250623_t0.jpg_detect.csv,0011_top_20250623_t1.jpg_detect.csv,reid_assist,0.11372064276885044,0.8306668400764465,0.11372064276885044,ID_411_REID_ASSIST_S0.11_I0.11_R0.83.jpg
412,0011_top_20250623_t0.jpg_detect.csv,0011_top_20250623_t1.jpg_detect.csv,reid_assist,0.07744397269844683,0.8935919404029846,0.07744397269844683,ID_412_REID_ASSIST_S0.08_I0.08_R0.89.jpg
413,0011_top_20250623_t0.jpg_detect.csv,0011_top_20250623_t1.jpg_detect.csv,reid_assist,0.057687024997710834,0.8118477463722229,0.057687024997710834,ID_413_REID_ASSIST_S0.06_I0.06_R0.81.jpg
415,0011_top_20250630_t0.jpg_detect.csv,0011_top_20250630_t1.jpg_detect.csv,hungarian,0.4457928802588997,0.8395830988883972,0.4457928802588997,ID_415_HUNGARIAN_S0.45_I0.45_R0.84.jpg
421,0011_top_20250703_t0.png_detect.csv,0011_top_20250703_t1.png_detect.csv,hungarian,0.585204081632653,0.8087635636329651,0.585204081632653,ID_421_HUNGARIAN_S0.59_I0.59_R0.81.jpg
422,0011_top_20250703_t0.png_detect.csv,0011_top_20250703_t1.png_detect.csv,hungarian,0.8340048348106366,0.41339102387428284,0.8340048348106366,ID_422_HUNGARIAN_S0.83_I0.83_R0.41.jpg
423,0011_top_20250703_t0.png_detect.csv,0011_top_20250703_t1.png_detect.csv,hungarian,0.7688741721854304,0.6605081558227539,0.7688741721854304,ID_423_HUNGARIAN_S0.77_I0.77_R0.66.jpg
425,0011_top_20250704_t0.JPG_detect.csv,0011_top_20250704_t1.png_detect.csv,hungarian,0.616868550919695,0.6614366173744202,0.616868550919695,ID_425_HUNGARIAN_S0.62_I0.62_R0.66.jpg
428,0011_top_20250708_t0.png_detect.csv,0011_top_20250708_t1.png_detect.csv,hungarian,0.3536404160475483,0.9109963178634644,0.3536404160475483,ID_428_HUNGARIAN_S0.35_I0.35_R0.91.jpg
429,0011_top_20250708_t0.png_detect.csv,0011_top_20250708_t1.png_detect.csv,hungarian,0.36040508339952343,0.8044131994247437,0.36040508339952343,ID_429_HUNGARIAN_S0.36_I0.36_R0.80.jpg
432,0011_top_20250711_t0.jpg_detect.csv,0011_top_20250711_t1.jpg_detect.csv,hungarian,1.0,1.0,1.0,ID_432_HUNGARIAN_S1.00_I1.00_R1.00.jpg
433,0011_top_20250711_t0.jpg_detect.csv,0011_top_20250711_t1.jpg_detect.csv,hungarian,1.0,1.0000001192092896,1.0,ID_433_HUNGARIAN_S1.00_I1.00_R1.00.jpg
434,0011_top_20250711_t0.jpg_detect.csv,0011_top_20250711_t1.jpg_detect.csv,hungarian,1.0,1.0,1.0,ID_434_HUNGARIAN_S1.00_I1.00_R1.00.jpg
435,0011_top_20250711_t0.jpg_detect.csv,0011_top_20250711_t1.jpg_detect.csv,hungarian,1.0,0.9999998807907104,1.0,ID_435_HUNGARIAN_S1.00_I1.00_R1.00.jpg
436,0011_top_20250711_t0.jpg_detect.csv,0011_top_20250711_t1.jpg_detect.csv,hungarian,1.0,0.9999999403953552,1.0,ID_436_HUNGARIAN_S1.00_I1.00_R1.00.jpg
437,0011_top_20250711_t0.jpg_detect.csv,0011_top_20250711_t1.jpg_detect.csv,hungarian,1.0,1.0,1.0,ID_437_HUNGARIAN_S1.00_I1.00_R1.00.jpg
438,0012_top_20250630_t0.jpg_detect.csv,0012_top_20250630_t1.jpg_detect.csv,hungarian,0.41313616982672596,0.7207629084587097,0.41313616982672596,ID_438_HUNGARIAN_S0.41_I0.41_R0.72.jpg
439,0012_top_20250630_t0.jpg_detect.csv,0012_top_20250630_t1.jpg_detect.csv,hungarian,0.3385430983703122,0.6033986210823059,0.3385430983703122,ID_439_HUNGARIAN_S0.34_I0.34_R0.60.jpg
440,0012_top_20250630_t0.jpg_detect.csv,0012_top_20250630_t1.jpg_detect.csv,hungarian,0.9145256087321578,0.5629505515098572,0.9145256087321578,ID_440_HUNGARIAN_S0.91_I0.91_R0.56.jpg
448,0012_top_20250703_t0.png_detect.csv,0012_top_20250703_t1.png_detect.csv,hungarian,0.7897435897435897,0.8619759678840637,0.7897435897435897,ID_448_HUNGARIAN_S0.79_I0.79_R0.86.jpg
449,0012_top_20250703_t0.png_detect.csv,0012_top_20250703_t1.png_detect.csv,hungarian,0.7558174675128437,0.7958464026451111,0.7558174675128437,ID_449_HUNGARIAN_S0.76_I0.76_R0.80.jpg
450,0012_top_20250703_t0.png_detect.csv,0012_top_20250703_t1.png_detect.csv,hungarian,0.5705024311183144,0.7398664355278015,0.5705024311183144,ID_450_HUNGARIAN_S0.57_I0.57_R0.74.jpg
451,0012_top_20250703_t0.png_detect.csv,0012_top_20250703_t1.png_detect.csv,hungarian,0.46,0.7531425356864929,0.46,ID_451_HUNGARIAN_S0.46_I0.46_R0.75.jpg
452,0012_top_20250703_t0.png_detect.csv,0012_top_20250703_t1.png_detect.csv,hungarian,0.7711374277058661,0.41921454668045044,0.7711374277058661,ID_452_HUNGARIAN_S0.77_I0.77_R0.42.jpg
454,0012_top_20250704_t0.png_detect.csv,0012_top_20250704_t1.JPG_detect.csv,hungarian,0.4636858291932813,0.7425037622451782,0.4636858291932813,ID_454_HUNGARIAN_S0.46_I0.46_R0.74.jpg
455,0013_top_20250702_t0.jpg_detect.csv,0013_a_top_20250702_t1.jpg_detect.csv,hungarian,0.8137283660897624,0.8225238919258118,0.8137283660897624,ID_455_HUNGARIAN_S0.81_I0.81_R0.82.jpg
456,0013_top_20250702_t0.jpg_detect.csv,0013_a_top_20250702_t1.jpg_detect.csv,hungarian,0.8636604774535809,0.8564227819442749,0.8636604774535809,ID_456_HUNGARIAN_S0.86_I0.86_R0.86.jpg
457,0013_top_20250702_t0.jpg_detect.csv,0013_a_top_20250702_t1.jpg_detect.csv,hungarian,0.6571774682010902,0.8527580499649048,0.6571774682010902,ID_457_HUNGARIAN_S0.66_I0.66_R0.85.jpg
458,0013_top_20250702_t0.jpg_detect.csv,0013_a_top_20250702_t1.jpg_detect.csv,hungarian,0.8278829604130808,0.8109792470932007,0.8278829604130808,ID_458_HUNGARIAN_S0.83_I0.83_R0.81.jpg
459,0013_top_20250702_t0.jpg_detect.csv,0013_a_top_20250702_t1.jpg_detect.csv,hungarian,0.8286852589641435,0.7521346211433411,0.8286852589641435,ID_459_HUNGARIAN_S0.83_I0.83_R0.75.jpg
465,0013_top_20250703_t0.png_detect.csv,0013_top_20250703_t1.png_detect.csv,reid_assist,0.09278785322648671,0.8229179382324219,0.09278785322648671,ID_465_REID_ASSIST_S0.09_I0.09_R0.82.jpg
467,0013_top_20250704_t0.JPG_detect.csv,0013_top_20250704_t1.JPG_detect.csv,hungarian,0.7955632883862549,0.6538946032524109,0.7955632883862549,ID_467_HUNGARIAN_S0.80_I0.80_R0.65.jpg
468,0013_top_20250704_t0.JPG_detect.csv,0013_top_20250704_t1.JPG_detect.csv,hungarian,0.6495098039215687,0.7010999917984009,0.6495098039215687,ID_468_HUNGARIAN_S0.65_I0.65_R0.70.jpg
469,0013_top_20250704_t0.JPG_detect.csv,0013_top_20250704_t1.JPG_detect.csv,hungarian,0.3852721451440768,0.718472421169281,0.3852721451440768,ID_469_HUNGARIAN_S0.39_I0.39_R0.72.jpg
470,0013_top_20250704_t0.JPG_detect.csv,0013_top_20250704_t1.JPG_detect.csv,hungarian,0.810248377713135,0.6674667000770569,0.810248377713135,ID_470_HUNGARIAN_S0.81_I0.81_R0.67.jpg
471,0013_top_20250711_t0.jpg_detect.csv,0013_top_20250711_t1.jpg_detect.csv,hungarian,1.0,1.0,1.0,ID_471_HUNGARIAN_S1.00_I1.00_R1.00.jpg
472,0013_top_20250711_t0.jpg_detect.csv,0013_top_20250711_t1.jpg_detect.csv,hungarian,1.0,0.9999999403953552,1.0,ID_472_HUNGARIAN_S1.00_I1.00_R1.00.jpg
473,0013_top_20250711_t0.jpg_detect.csv,0013_top_20250711_t1.jpg_detect.csv,hungarian,1.0,0.9999998807907104,1.0,ID_473_HUNGARIAN_S1.00_I1.00_R1.00.jpg
474,0014_top_20250704_t0.JPG_detect.csv,0014_top_20250704_t1.JPG_detect.csv,hungarian,0.8280060882800608,0.5939973592758179,0.8280060882800608,ID_474_HUNGARIAN_S0.83_I0.83_R0.59.jpg
475,0014_top_20250704_t0.JPG_detect.csv,0014_top_20250704_t1.JPG_detect.csv,hungarian,0.7815989280928987,0.5630165934562683,0.7815989280928987,ID_475_HUNGARIAN_S0.78_I0.78_R0.56.jpg
477,0014_top_20250707_t0.png_detect.csv,0014_top_20250707_t1.png_detect.csv,hungarian,0.5407932924862947,0.5922979116439819,0.5407932924862947,ID_477_HUNGARIAN_S0.54_I0.54_R0.59.jpg
478,0014_top_20250707_t0.png_detect.csv,0014_top_20250707_t1.png_detect.csv,hungarian,0.3105232892466935,0.4187384247779846,0.3105232892466935,ID_478_HUNGARIAN_S0.31_I0.31_R0.42.jpg
483,0014_top_20250708_t0.png_detect.csv,0014_top_20250708_t1.png_detect.csv,hungarian,0.6537916706015676,0.597615122795105,0.6537916706015676,ID_483_HUNGARIAN_S0.65_I0.65_R0.60.jpg
484,0014_top_20250708_t0.png_detect.csv,0014_top_20250708_t1.png_detect.csv,hungarian,0.51440524113979,0.821526050567627,0.51440524113979,ID_484_HUNGARIAN_S0.51_I0.51_R0.82.jpg
491,0015_top_20250624_t0.jpg_detect.csv,0015_top_20250624_t1.jpg_detect.csv,hungarian,0.8406322028317419,0.6010691523551941,0.8406322028317419,ID_491_HUNGARIAN_S0.84_I0.84_R0.60.jpg
521,0015_top_20250626_t0.jpg_detect.csv,0015_top_20250626_t1.jpg_detect.csv,hungarian,0.8333333333333334,0.9081078171730042,0.8333333333333334,ID_521_HUNGARIAN_S0.83_I0.83_R0.91.jpg
522,0015_top_20250626_t0.jpg_detect.csv,0015_top_20250626_t1.jpg_detect.csv,hungarian,0.6546967374644187,0.7499447464942932,0.6546967374644187,ID_522_HUNGARIAN_S0.65_I0.65_R0.75.jpg
523,0015_top_20250626_t0.jpg_detect.csv,0015_top_20250626_t1.jpg_detect.csv,hungarian,0.31728045325779036,0.8667659759521484,0.31728045325779036,ID_523_HUNGARIAN_S0.32_I0.32_R0.87.jpg
524,0015_top_20250626_t0.jpg_detect.csv,0015_top_20250626_t1.jpg_detect.csv,hungarian,0.6222684703433923,0.8767077326774597,0.6222684703433923,ID_524_HUNGARIAN_S0.62_I0.62_R0.88.jpg
525,0015_top_20250626_t0.jpg_detect.csv,0015_top_20250626_t1.jpg_detect.csv,hungarian,0.3421208530805687,0.6851744055747986,0.3421208530805687,ID_525_HUNGARIAN_S0.34_I0.34_R0.69.jpg
526,0015_top_20250626_t0.jpg_detect.csv,0015_top_20250626_t1.jpg_detect.csv,hungarian,0.4036087369420703,0.826594352722168,0.4036087369420703,ID_526_HUNGARIAN_S0.40_I0.40_R0.83.jpg
527,0015_top_20250626_t0.jpg_detect.csv,0015_top_20250626_t1.jpg_detect.csv,hungarian,0.421291788380396,0.8806772828102112,0.421291788380396,ID_527_HUNGARIAN_S0.42_I0.42_R0.88.jpg
528,0015_top_20250626_t0.jpg_detect.csv,0015_top_20250626_t1.jpg_detect.csv,hungarian,0.4903814802738833,0.5612942576408386,0.4903814802738833,ID_528_HUNGARIAN_S0.49_I0.49_R0.56.jpg
529,0015_top_20250626_t0.jpg_detect.csv,0015_top_20250626_t1.jpg_detect.csv,hungarian,0.5124282982791587,0.49301838874816895,0.5124282982791587,ID_529_HUNGARIAN_S0.51_I0.51_R0.49.jpg
547,0017_top_20250623_t0.jpg_detect.csv,0017_top_20250623_t1.jpg_detect.csv,hungarian,0.3127641589180051,0.3940425217151642,0.3127641589180051,ID_547_HUNGARIAN_S0.31_I0.31_R0.39.jpg
552,0017_top_20250702_t0.jpg_detect.csv,0017_top_20250702_t1.jpg_detect.csv,hungarian,0.41859285700353055,0.7714918255805969,0.41859285700353055,ID_552_HUNGARIAN_S0.42_I0.42_R0.77.jpg
553,0017_top_20250703_t0.png_detect.csv,0017_top_20250703_t1.png_detect.csv,reid_assist,0.08352315869400152,0.8607098460197449,0.08352315869400152,ID_553_REID_ASSIST_S0.08_I0.08_R0.86.jpg
556,0017_top_20250708_t0.png_detect.csv,0017_top_20250708_t1.jpg_detect.csv,hungarian,0.4946547240681884,0.9141408801078796,0.4946547240681884,ID_556_HUNGARIAN_S0.49_I0.49_R0.91.jpg
557,0017_top_20250711_t0.JPG_detect.csv,0017_top_20250711_t1.JPG_detect.csv,hungarian,1.0,1.0,1.0,ID_557_HUNGARIAN_S1.00_I1.00_R1.00.jpg
558,0018_top_20250702_t0.jpg_detect.csv,0018_top_20250702_t1.jpg_detect.csv,hungarian,0.766133195663397,0.863060474395752,0.766133195663397,ID_558_HUNGARIAN_S0.77_I0.77_R0.86.jpg
564,0019_top_20250703_t0.png_detect.csv,0019_top_20250703_t1.png_detect.csv,hungarian,0.6265574937700249,0.9137603044509888,0.6265574937700249,ID_564_HUNGARIAN_S0.63_I0.63_R0.91.jpg
565,0019_top_20250703_t0.png_detect.csv,0019_top_20250703_t1.png_detect.csv,hungarian,0.8907142857142857,0.8838964700698853,0.8907142857142857,ID_565_HUNGARIAN_S0.89_I0.89_R0.88.jpg
566,0019_top_20250703_t0.png_detect.csv,0019_top_20250703_t1.png_detect.csv,hungarian,0.7973977695167286,0.9177725315093994,0.7973977695167286,ID_566_HUNGARIAN_S0.80_I0.80_R0.92.jpg
567,0019_top_20250703_t0.png_detect.csv,0019_top_20250703_t1.png_detect.csv,hungarian,0.9019607843137255,0.9174476265907288,0.9019607843137255,ID_567_HUNGARIAN_S0.90_I0.90_R0.92.jpg
568,0019_top_20250703_t0.png_detect.csv,0019_top_20250703_t1.png_detect.csv,hungarian,0.8640890451083773,0.8351754546165466,0.8640890451083773,ID_568_HUNGARIAN_S0.86_I0.86_R0.84.jpg
570,0019_top_20250707_t0.JPG_detect.csv,0019_top_20250707_t1.JPG_detect.csv,hungarian,0.9153908138597905,0.9194546341896057,0.9153908138597905,ID_570_HUNGARIAN_S0.92_I0.92_R0.92.jpg
571,0019_top_20250707_t0.JPG_detect.csv,0019_top_20250707_t1.JPG_detect.csv,hungarian,0.8566591422121896,0.8908555507659912,0.8566591422121896,ID_571_HUNGARIAN_S0.86_I0.86_R0.89.jpg
572,0019_top_20250707_t0.JPG_detect.csv,0019_top_20250707_t1.JPG_detect.csv,hungarian,0.7580213903743316,0.7926622629165649,0.7580213903743316,ID_572_HUNGARIAN_S0.76_I0.76_R0.79.jpg
574,0019_top_20250711_t0.JPG_detect.csv,0019_top_20250711_t1.JPG_detect.csv,hungarian,1.0,1.0000001192092896,1.0,ID_574_HUNGARIAN_S1.00_I1.00_R1.00.jpg
575,0019_top_20250711_t0.JPG_detect.csv,0019_top_20250711_t1.JPG_detect.csv,hungarian,1.0,1.0,1.0,ID_575_HUNGARIAN_S1.00_I1.00_R1.00.jpg
576,0020_top_20250703_t0.png_detect.csv,0020_top_20250703_t1.png_detect.csv,hungarian,0.7272082298687478,0.3897923529148102,0.7272082298687478,ID_576_HUNGARIAN_S0.73_I0.73_R0.39.jpg
577,0020_top_20250703_t0.png_detect.csv,0020_top_20250703_t1.png_detect.csv,hungarian,0.7218370883882149,0.5325556397438049,0.7218370883882149,ID_577_HUNGARIAN_S0.72_I0.72_R0.53.jpg
578,0020_top_20250703_t0.png_detect.csv,0020_top_20250703_t1.png_detect.csv,hungarian,0.7120211360634082,0.5397791862487793,0.7120211360634082,ID_578_HUNGARIAN_S0.71_I0.71_R0.54.jpg
579,0020_top_20250703_t0.png_detect.csv,0020_top_20250703_t1.png_detect.csv,hungarian,0.7270194986072424,0.209422767162323,0.7270194986072424,ID_579_HUNGARIAN_S0.73_I0.73_R0.21.jpg
580,0020_top_20250703_t0.png_detect.csv,0020_top_20250703_t1.png_detect.csv,hungarian,0.5596825932804322,0.4738996922969818,0.5596825932804322,ID_580_HUNGARIAN_S0.56_I0.56_R0.47.jpg
581,0020_top_20250703_t0.png_detect.csv,0020_top_20250703_t1.png_detect.csv,hungarian,0.8638533511552415,0.6698465347290039,0.8638533511552415,ID_581_HUNGARIAN_S0.86_I0.86_R0.67.jpg
582,0020_top_20250703_t0.png_detect.csv,0020_top_20250703_t1.png_detect.csv,hungarian,0.8550218340611354,0.5644668936729431,0.8550218340611354,ID_582_HUNGARIAN_S0.86_I0.86_R0.56.jpg
583,0020_top_20250703_t0.png_detect.csv,0020_top_20250703_t1.png_detect.csv,hungarian,0.4571868385607081,0.4888417720794678,0.4571868385607081,ID_583_HUNGARIAN_S0.46_I0.46_R0.49.jpg
584,0020_top_20250703_t0.png_detect.csv,0020_top_20250703_t1.png_detect.csv,hungarian,0.8179775280898877,0.6490360498428345,0.8179775280898877,ID_584_HUNGARIAN_S0.82_I0.82_R0.65.jpg
585,0020_top_20250703_t0.png_detect.csv,0020_top_20250703_t1.png_detect.csv,hungarian,0.4549763033175355,0.5907925963401794,0.4549763033175355,ID_585_HUNGARIAN_S0.45_I0.45_R0.59.jpg
589,0020_top_20250711_t0.JPG_detect.csv,0020_top_20250711_t1.JPG_detect.csv,hungarian,1.0,1.0,1.0,ID_589_HUNGARIAN_S1.00_I1.00_R1.00.jpg
590,0020_top_20250711_t0.JPG_detect.csv,0020_top_20250711_t1.JPG_detect.csv,hungarian,1.0,1.0,1.0,ID_590_HUNGARIAN_S1.00_I1.00_R1.00.jpg
591,0021_top_20250619_t0.jpg_detect.csv,0021_top_20250619_t1.jpg_detect.csv,hungarian,0.35683673469387756,0.3104189336299896,0.35683673469387756,ID_591_HUNGARIAN_S0.36_I0.36_R0.31.jpg
594,0021_top_20250626_t0.jpg_detect.csv,0021_top_20250626_t1.jpg_detect.csv,hungarian,0.4610951008645533,0.6368711590766907,0.4610951008645533,ID_594_HUNGARIAN_S0.46_I0.46_R0.64.jpg
595,0022_top_20250619_t0.jpg_detect.csv,0022_top_20250619_t1.jpg_detect.csv,hungarian,0.33964177086853664,0.45853814482688904,0.33964177086853664,ID_595_HUNGARIAN_S0.34_I0.34_R0.46.jpg
598,0022_top_20250626_t0.jpg_detect.csv,0022_top_20250626_t1.jpg_detect.csv,hungarian,0.4631921824104234,0.7053914070129395,0.4631921824104234,ID_598_HUNGARIAN_S0.46_I0.46_R0.71.jpg
599,0022_top_20250626_t0.jpg_detect.csv,0022_top_20250626_t1.jpg_detect.csv,hungarian,0.6791885800150262,0.9200324416160583,0.6791885800150262,ID_599_HUNGARIAN_S0.68_I0.68_R0.92.jpg
600,0022_top_20250626_t0.jpg_detect.csv,0022_top_20250626_t1.jpg_detect.csv,hungarian,0.514870794734276,0.881167471408844,0.514870794734276,ID_600_HUNGARIAN_S0.51_I0.51_R0.88.jpg
601,0022_top_20250626_t0.jpg_detect.csv,0022_top_20250626_t1.jpg_detect.csv,reid_assist,0.7092819614711033,0.905368983745575,0.7092819614711033,ID_601_REID_ASSIST_S0.71_I0.71_R0.91.jpg
606,0022_top_20250630_t0.jpg_detect.csv,0022_top_20250630_t1.jpg_detect.csv,reid_assist,0.1499330655957162,0.8897135257720947,0.1499330655957162,ID_606_REID_ASSIST_S0.15_I0.15_R0.89.jpg
607,0022_top_20250630_t0.jpg_detect.csv,0022_top_20250630_t1.jpg_detect.csv,reid_assist,0.17380509000620734,0.8901274800300598,0.17380509000620734,ID_607_REID_ASSIST_S0.17_I0.17_R0.89.jpg
608,0022_top_20250630_t0.jpg_detect.csv,0022_top_20250630_t1.jpg_detect.csv,reid_assist,0.11010946555054733,0.8252995014190674,0.11010946555054733,ID_608_REID_ASSIST_S0.11_I0.11_R0.83.jpg
614,0022_top_20250702_t0.jpg_detect.csv,0022_top_20250702_t1.jpg_detect.csv,hungarian,1.0,0.9999999403953552,1.0,ID_614_HUNGARIAN_S1.00_I1.00_R1.00.jpg
615,0022_top_20250702_t0.jpg_detect.csv,0022_top_20250702_t1.jpg_detect.csv,hungarian,1.0,1.0,1.0,ID_615_HUNGARIAN_S1.00_I1.00_R1.00.jpg
616,0023_top_20250626_t0.jpg_detect.csv,0023_top_20250626_t1.jpg_detect.csv,reid_assist,0.14555765595463138,0.856255054473877,0.14555765595463138,ID_616_REID_ASSIST_S0.15_I0.15_R0.86.jpg
618,0023_top_20250711_t0.png_detect.csv,0023_top_20250711_t1.png_detect.csv,hungarian,0.34508627156789196,1.0,0.34508627156789196,ID_618_HUNGARIAN_S0.35_I0.35_R1.00.jpg
619,0023_top_20250711_t0.png_detect.csv,0023_top_20250711_t1.png_detect.csv,hungarian,0.5920706950083592,0.9999998807907104,0.5920706950083592,ID_619_HUNGARIAN_S0.59_I0.59_R1.00.jpg
634,0025_top_20250707_t0.JPG_detect.csv,0025_top_20250707_t1.JPG_detect.csv,hungarian,0.3349017437032937,0.6810659766197205,0.3349017437032937,ID_634_HUNGARIAN_S0.33_I0.33_R0.68.jpg
635,0025_top_20250707_t0.JPG_detect.csv,0025_top_20250707_t1.JPG_detect.csv,hungarian,0.34798534798534797,0.4091174900531769,0.34798534798534797,ID_635_HUNGARIAN_S0.35_I0.35_R0.41.jpg
643,0026_top_20250623_t0.jpg_detect.csv,0026_top_20250623_t1.jpg_detect.csv,hungarian,0.312560293266448,0.9569218158721924,0.312560293266448,ID_643_HUNGARIAN_S0.31_I0.31_R0.96.jpg
644,0026_top_20250623_t0.jpg_detect.csv,0026_top_20250623_t1.jpg_detect.csv,hungarian,0.50642624208709,0.9310487508773804,0.50642624208709,ID_644_HUNGARIAN_S0.51_I0.51_R0.93.jpg
645,0026_top_20250623_t0.jpg_detect.csv,0026_top_20250623_t1.jpg_detect.csv,hungarian,0.34592056349051065,0.9053562879562378,0.34592056349051065,ID_645_HUNGARIAN_S0.35_I0.35_R0.91.jpg
646,0026_top_20250623_t0.jpg_detect.csv,0026_top_20250623_t1.jpg_detect.csv,hungarian,0.4315146890499809,0.9268327355384827,0.4315146890499809,ID_646_HUNGARIAN_S0.43_I0.43_R0.93.jpg
652,0027_top_20250623_t0.jpg_detect.csv,0027_top_20250623_t1.jpg_detect.csv,hungarian,0.6400766350256901,0.8217341303825378,0.6400766350256901,ID_652_HUNGARIAN_S0.64_I0.64_R0.82.jpg
653,0027_top_20250623_t0.jpg_detect.csv,0027_top_20250623_t1.jpg_detect.csv,hungarian,0.68,0.8829349875450134,0.68,ID_653_HUNGARIAN_S0.68_I0.68_R0.88.jpg
654,0027_top_20250623_t0.jpg_detect.csv,0027_top_20250623_t1.jpg_detect.csv,hungarian,0.4853692522062239,0.9239241480827332,0.4853692522062239,ID_654_HUNGARIAN_S0.49_I0.49_R0.92.jpg
666,0027_top_20250709_t0.jpg_detect.csv,0027_top_20250709_t1.jpg_detect.csv,hungarian,1.0,0.9999999403953552,1.0,ID_666_HUNGARIAN_S1.00_I1.00_R1.00.jpg
668,0028_top_20250704_t0.JPG_detect.csv,0028_top_20250704_t1.JPG_detect.csv,hungarian,1.0,1.0,1.0,ID_668_HUNGARIAN_S1.00_I1.00_R1.00.jpg
669,0028_top_20250707_t0.png_detect.csv,0028_top_20250707_t1.png_detect.csv,hungarian,0.6834737590719343,0.9011220335960388,0.6834737590719343,ID_669_HUNGARIAN_S0.68_I0.68_R0.90.jpg
670,0028_top_20250707_t0.png_detect.csv,0028_top_20250707_t1.png_detect.csv,hungarian,0.9410774410774411,0.9121551513671875,0.9410774410774411,ID_670_HUNGARIAN_S0.94_I0.94_R0.91.jpg
671,0028_top_20250707_t0.png_detect.csv,0028_top_20250707_t1.png_detect.csv,hungarian,0.8100878552971577,0.9274761080741882,0.8100878552971577,ID_671_HUNGARIAN_S0.81_I0.81_R0.93.jpg
672,0028_top_20250707_t0.png_detect.csv,0028_top_20250707_t1.png_detect.csv,hungarian,0.473193805928274,0.9109376668930054,0.473193805928274,ID_672_HUNGARIAN_S0.47_I0.47_R0.91.jpg
675,0028_top_20250709_t0.png_detect.csv,0028_top_20250709_t1.png_detect.csv,hungarian,0.35738612175393786,0.6097625494003296,0.35738612175393786,ID_675_HUNGARIAN_S0.36_I0.36_R0.61.jpg
685,0029_top_20250619_t0.jpg_detect.csv,0029_top_20250619_t1.jpg_detect.csv,hungarian,0.3684953877388886,0.32243654131889343,0.3684953877388886,ID_685_HUNGARIAN_S0.37_I0.37_R0.32.jpg
687,0029_top_20250704_t0.png_detect.csv,0029_top_20250704_t1.png_detect.csv,hungarian,0.6350093109869647,0.9689366817474365,0.6350093109869647,ID_687_HUNGARIAN_S0.64_I0.64_R0.97.jpg
688,0029_top_20250704_t0.png_detect.csv,0029_top_20250704_t1.png_detect.csv,hungarian,0.8747855917667239,0.8142947554588318,0.8747855917667239,ID_688_HUNGARIAN_S0.87_I0.87_R0.81.jpg
689,0029_top_20250704_t0.png_detect.csv,0029_top_20250704_t1.png_detect.csv,hungarian,0.5397111621438044,0.9463399052619934,0.5397111621438044,ID_689_HUNGARIAN_S0.54_I0.54_R0.95.jpg
690,0029_top_20250704_t0.png_detect.csv,0029_top_20250704_t1.png_detect.csv,hungarian,0.5492957746478874,0.756055474281311,0.5492957746478874,ID_690_HUNGARIAN_S0.55_I0.55_R0.76.jpg
691,0029_top_20250704_t0.png_detect.csv,0029_top_20250704_t1.png_detect.csv,hungarian,0.7294144297202401,0.7909223437309265,0.7294144297202401,ID_691_HUNGARIAN_S0.73_I0.73_R0.79.jpg
692,0029_top_20250704_t0.png_detect.csv,0029_top_20250704_t1.png_detect.csv,hungarian,0.6739130434782609,0.8793935775756836,0.6739130434782609,ID_692_HUNGARIAN_S0.67_I0.67_R0.88.jpg
693,0029_top_20250704_t0.png_detect.csv,0029_top_20250704_t1.png_detect.csv,hungarian,0.831858407079646,0.9459778070449829,0.831858407079646,ID_693_HUNGARIAN_S0.83_I0.83_R0.95.jpg
694,0029_top_20250704_t0.png_detect.csv,0029_top_20250704_t1.png_detect.csv,hungarian,0.4142968949849561,0.8903160691261292,0.4142968949849561,ID_694_HUNGARIAN_S0.41_I0.41_R0.89.jpg
695,0029_top_20250704_t0.png_detect.csv,0029_top_20250704_t1.png_detect.csv,reid_assist,0.275626423690205,0.9002957940101624,0.275626423690205,ID_695_REID_ASSIST_S0.28_I0.28_R0.90.jpg
696,0029_top_20250704_t0.png_detect.csv,0029_top_20250704_t1.png_detect.csv,reid_assist,0.2347560975609756,0.8103999495506287,0.2347560975609756,ID_696_REID_ASSIST_S0.23_I0.23_R0.81.jpg
703,0029_top_20250707_t0.png_detect.csv,0029_top_20250707_t1.png_detect.csv,hungarian,0.8154506437768241,0.9530471563339233,0.8154506437768241,ID_703_HUNGARIAN_S0.82_I0.82_R0.95.jpg
704,0029_top_20250707_t0.png_detect.csv,0029_top_20250707_t1.png_detect.csv,hungarian,0.8093008406938385,0.9411238431930542,0.8093008406938385,ID_704_HUNGARIAN_S0.81_I0.81_R0.94.jpg
705,0029_top_20250707_t0.png_detect.csv,0029_top_20250707_t1.png_detect.csv,hungarian,0.8041455550437586,0.9358946681022644,0.8041455550437586,ID_705_HUNGARIAN_S0.80_I0.80_R0.94.jpg
706,0029_top_20250707_t0.png_detect.csv,0029_top_20250707_t1.png_detect.csv,hungarian,0.8008595988538681,0.9480515122413635,0.8008595988538681,ID_706_HUNGARIAN_S0.80_I0.80_R0.95.jpg
707,0029_top_20250707_t0.png_detect.csv,0029_top_20250707_t1.png_detect.csv,hungarian,0.7703349282296651,0.8179041743278503,0.7703349282296651,ID_707_HUNGARIAN_S0.77_I0.77_R0.82.jpg
708,0029_top_20250707_t0.png_detect.csv,0029_top_20250707_t1.png_detect.csv,hungarian,0.7087186261558784,0.848667323589325,0.7087186261558784,ID_708_HUNGARIAN_S0.71_I0.71_R0.85.jpg
709,0030_top_20250623_t0.jpg_detect.csv,0030_top_20250623_t1.jpg_detect.csv,hungarian,0.4921899702776197,0.8426960110664368,0.4921899702776197,ID_709_HUNGARIAN_S0.49_I0.49_R0.84.jpg
714,0031_top_20250703_t0.JPG_detect.csv,0031_top_20250703_t1.JPG_detect.csv,hungarian,1.0,1.0,1.0,ID_714_HUNGARIAN_S1.00_I1.00_R1.00.jpg
715,0031_top_20250703_t0.JPG_detect.csv,0031_top_20250703_t1.JPG_detect.csv,hungarian,1.0,1.0,1.0,ID_715_HUNGARIAN_S1.00_I1.00_R1.00.jpg
716,0033_top_20250707_t0.JPG_detect.csv,0033_top_20250707_t1.JPG_detect.csv,hungarian,0.707743426755273,0.7383041977882385,0.707743426755273,ID_716_HUNGARIAN_S0.71_I0.71_R0.74.jpg
717,0033_top_20250707_t0.JPG_detect.csv,0033_top_20250707_t1.JPG_detect.csv,hungarian,0.5029873759275321,0.8150203227996826,0.5029873759275321,ID_717_HUNGARIAN_S0.50_I0.50_R0.82.jpg
718,0033_top_20250707_t0.JPG_detect.csv,0033_top_20250707_t1.JPG_detect.csv,hungarian,0.7096601552047097,0.6683107614517212,0.7096601552047097,ID_718_HUNGARIAN_S0.71_I0.71_R0.67.jpg
719,0034_top_20250704_t0.JPG_detect.csv,0034_top_20250704_t1.JPG_detect.csv,hungarian,1.0,1.0,1.0,ID_719_HUNGARIAN_S1.00_I1.00_R1.00.jpg
720,0034_top_20250704_t0.JPG_detect.csv,0034_top_20250704_t1.JPG_detect.csv,hungarian,1.0,0.9999998807907104,1.0,ID_720_HUNGARIAN_S1.00_I1.00_R1.00.jpg
732,0039_top_20250704_t0.JPG_detect.csv,0039_top_20250704_t1.JPG_detect.csv,hungarian,0.5587392550143266,0.9999999403953552,0.5587392550143266,ID_732_HUNGARIAN_S0.56_I0.56_R1.00.jpg
733,0040_top_20250623_t0.jpg_detect.csv,0040_top_20250623_t1.jpg_detect.csv,hungarian,0.5317035905271199,0.8457343578338623,0.5317035905271199,ID_733_HUNGARIAN_S0.53_I0.53_R0.85.jpg
734,0040_top_20250623_t0.jpg_detect.csv,0040_top_20250623_t1.jpg_detect.csv,hungarian,0.5173661360347322,0.8535981774330139,0.5173661360347322,ID_734_HUNGARIAN_S0.52_I0.52_R0.85.jpg
735,0040_top_20250623_t0.jpg_detect.csv,0040_top_20250623_t1.jpg_detect.csv,hungarian,0.4057788944723618,0.8398787379264832,0.4057788944723618,ID_735_HUNGARIAN_S0.41_I0.41_R0.84.jpg
736,0040_top_20250623_t0.jpg_detect.csv,0040_top_20250623_t1.jpg_detect.csv,hungarian,0.6103958035288507,0.738647997379303,0.6103958035288507,ID_736_HUNGARIAN_S0.61_I0.61_R0.74.jpg
737,0040_top_20250623_t0.jpg_detect.csv,0040_top_20250623_t1.jpg_detect.csv,hungarian,0.6540284360189573,0.771588921546936,0.6540284360189573,ID_737_HUNGARIAN_S0.65_I0.65_R0.77.jpg
738,0040_top_20250623_t0.jpg_detect.csv,0040_top_20250623_t1.jpg_detect.csv,hungarian,0.7630418809698751,0.8288955688476562,0.7630418809698751,ID_738_HUNGARIAN_S0.76_I0.76_R0.83.jpg
739,0040_top_20250623_t0.jpg_detect.csv,0040_top_20250623_t1.jpg_detect.csv,hungarian,0.3173208893768872,0.8029372692108154,0.3173208893768872,ID_739_HUNGARIAN_S0.32_I0.32_R0.80.jpg
740,0040_top_20250623_t0.jpg_detect.csv,0040_top_20250623_t1.jpg_detect.csv,hungarian,0.7259786476868327,0.7538684606552124,0.7259786476868327,ID_740_HUNGARIAN_S0.73_I0.73_R0.75.jpg
741,0040_top_20250623_t0.jpg_detect.csv,0040_top_20250623_t1.jpg_detect.csv,hungarian,0.638095238095238,0.7248845100402832,0.638095238095238,ID_741_HUNGARIAN_S0.64_I0.64_R0.72.jpg
742,0040_top_20250623_t0.jpg_detect.csv,0040_top_20250623_t1.jpg_detect.csv,hungarian,0.6680734856007945,0.7026490569114685,0.6680734856007945,ID_742_HUNGARIAN_S0.67_I0.67_R0.70.jpg
743,0040_top_20250623_t0.jpg_detect.csv,0040_top_20250623_t1.jpg_detect.csv,hungarian,0.6863218946350894,0.7290334701538086,0.6863218946350894,ID_743_HUNGARIAN_S0.69_I0.69_R0.73.jpg
744,0040_top_20250623_t0.jpg_detect.csv,0040_top_20250623_t1.jpg_detect.csv,hungarian,0.6520681265206812,0.6439009308815002,0.6520681265206812,ID_744_HUNGARIAN_S0.65_I0.65_R0.64.jpg
745,0040_top_20250623_t0.jpg_detect.csv,0040_top_20250623_t1.jpg_detect.csv,hungarian,0.6378278877128394,0.7888982892036438,0.6378278877128394,ID_745_HUNGARIAN_S0.64_I0.64_R0.79.jpg
746,0040_top_20250623_t0.jpg_detect.csv,0040_top_20250623_t1.jpg_detect.csv,hungarian,0.6474564212024191,0.5382461547851562,0.6474564212024191,ID_746_HUNGARIAN_S0.65_I0.65_R0.54.jpg
752,0041_top_20250704_t0.JPG_detect.csv,0041_top_20250704_t1.JPG_detect.csv,hungarian,0.545222496383902,0.8547011017799377,0.545222496383902,ID_752_HUNGARIAN_S0.55_I0.55_R0.85.jpg
756,0043_top_20250623_t0.jpg_detect.csv,0043_top_20250623_t1.jpg_detect.csv,hungarian,0.5965185762535724,0.8142431378364563,0.5965185762535724,ID_756_HUNGARIAN_S0.60_I0.60_R0.81.jpg
757,0043_top_20250623_t0.jpg_detect.csv,0043_top_20250623_t1.jpg_detect.csv,hungarian,0.4676539360872954,0.6728274822235107,0.4676539360872954,ID_757_HUNGARIAN_S0.47_I0.47_R0.67.jpg
758,0043_top_20250623_t0.jpg_detect.csv,0043_top_20250623_t1.jpg_detect.csv,hungarian,0.5596446700507615,0.558160126209259,0.5596446700507615,ID_758_HUNGARIAN_S0.56_I0.56_R0.56.jpg
759,0043_top_20250623_t0.jpg_detect.csv,0043_top_20250623_t1.jpg_detect.csv,hungarian,0.5441624365482234,0.7455302476882935,0.5441624365482234,ID_759_HUNGARIAN_S0.54_I0.54_R0.75.jpg
760,0043_top_20250623_t0.jpg_detect.csv,0043_top_20250623_t1.jpg_detect.csv,hungarian,0.5438335809806835,0.7788702249526978,0.5438335809806835,ID_760_HUNGARIAN_S0.54_I0.54_R0.78.jpg
761,0043_top_20250623_t0.jpg_detect.csv,0043_top_20250623_t1.jpg_detect.csv,hungarian,0.3761755485893417,0.8228808045387268,0.3761755485893417,ID_761_HUNGARIAN_S0.38_I0.38_R0.82.jpg
762,0043_top_20250623_t0.jpg_detect.csv,0043_top_20250623_t1.jpg_detect.csv,hungarian,0.5078472016582766,0.7742047905921936,0.5078472016582766,ID_762_HUNGARIAN_S0.51_I0.51_R0.77.jpg
773,0044_top_20250623_t0.jpg_detect.csv,0044_top_20250623_t1.jpg_detect.csv,hungarian,0.37531822039035034,0.8303709626197815,0.37531822039035034,ID_773_HUNGARIAN_S0.38_I0.38_R0.83.jpg
774,0044_top_20250623_t0.jpg_detect.csv,0044_top_20250623_t1.jpg_detect.csv,hungarian,0.9506707946336429,0.8492839932441711,0.9506707946336429,ID_774_HUNGARIAN_S0.95_I0.95_R0.85.jpg
775,0044_top_20250623_t0.jpg_detect.csv,0044_top_20250623_t1.jpg_detect.csv,hungarian,0.5009392611145899,0.8690341711044312,0.5009392611145899,ID_775_HUNGARIAN_S0.50_I0.50_R0.87.jpg
776,0044_top_20250623_t0.jpg_detect.csv,0044_top_20250623_t1.jpg_detect.csv,hungarian,0.3008888241293895,0.8929213881492615,0.3008888241293895,ID_776_HUNGARIAN_S0.30_I0.30_R0.89.jpg
777,0044_top_20250623_t0.jpg_detect.csv,0044_top_20250623_t1.jpg_detect.csv,hungarian,0.5033870239349691,0.906982421875,0.5033870239349691,ID_777_HUNGARIAN_S0.50_I0.50_R0.91.jpg
782,0045_top_20250626_t0.jpg_detect.csv,0045_top_20250626_t1.jpg_detect.csv,hungarian,0.5688680251787048,0.755857527256012,0.5688680251787048,ID_782_HUNGARIAN_S0.57_I0.57_R0.76.jpg
783,0045_top_20250626_t0.jpg_detect.csv,0045_top_20250626_t1.jpg_detect.csv,hungarian,0.33009055310817426,0.8333576321601868,0.33009055310817426,ID_783_HUNGARIAN_S0.33_I0.33_R0.83.jpg
784,0045_top_20250626_t0.jpg_detect.csv,0045_top_20250626_t1.jpg_detect.csv,hungarian,0.4394366197183099,0.5413879752159119,0.4394366197183099,ID_784_HUNGARIAN_S0.44_I0.44_R0.54.jpg
788,0047_top_20250623_t0.jpg_detect.csv,0047_top_20250623_t1.jpg_detect.csv,hungarian,0.9024390243902439,0.661605954170227,0.9024390243902439,ID_788_HUNGARIAN_S0.90_I0.90_R0.66.jpg
789,0047_top_20250623_t0.jpg_detect.csv,0047_top_20250623_t1.jpg_detect.csv,hungarian,0.5628085573230938,0.7005133032798767,0.5628085573230938,ID_789_HUNGARIAN_S0.56_I0.56_R0.70.jpg
790,0047_top_20250623_t0.jpg_detect.csv,0047_top_20250623_t1.jpg_detect.csv,hungarian,0.49198931909212285,0.6114660501480103,0.49198931909212285,ID_790_HUNGARIAN_S0.49_I0.49_R0.61.jpg
791,0047_top_20250623_t0.jpg_detect.csv,0047_top_20250623_t1.jpg_detect.csv,hungarian,0.488287693830419,0.8361906409263611,0.488287693830419,ID_791_HUNGARIAN_S0.49_I0.49_R0.84.jpg
