vehicle_id,zone_id,t0_image,t1_image,t0_orig_x1,t0_orig_y1,t0_orig_x2,t0_orig_y2,t0_orig_w,t0_orig_h,t1_orig_x1,t1_orig_y1,t1_orig_x2,t1_orig_y2,t1_orig_w,t1_orig_h,move_dist,diag0,diag1,diag_ratio,delta_min,move_ratio,stop
1,a,0001_top_20250618_t0,0001_top_20250618_t1,101.0,203.0,413.0,456.0,312.0,253.0,201,204,462,430,261,226,75.541,401.688,345.249,0.859,7,0.188,Yes
2,b,0001_top_20250626_t0,0001_top_20250626_t1,389.0,19.0,442.0,79.0,53.0,60.0,389,19,442,79,53,60,0.0,80.056,80.056,1.0,8,0.0,Yes
3,b,0001_top_20250626_t0,0001_top_20250626_t1,222.0,0.0,254.0,84.0,32.0,84.0,222,0,254,84,32,84,0.0,89.889,89.889,1.0,8,0.0,Yes
4,b,0001_top_20250626_t0,0001_top_20250626_t1,262.0,48.0,289.0,164.0,27.0,116.0,262,48,289,164,27,116,0.0,119.101,119.101,1.0,8,0.0,Yes
5,b,0001_top_20250626_t0,0001_top_20250626_t1,389.0,345.0,421.0,465.0,32.0,120.0,389,345,421,465,32,120,0.0,124.193,124.193,1.0,8,0.0,Yes
6,b,0001_top_20250626_t0,0001_top_20250626_t1,302.0,190.0,331.0,313.0,29.0,123.0,302,190,331,313,29,123,0.0,126.372,126.372,1.0,8,0.0,Yes
7,b,0001_top_20250626_t0,0001_top_20250626_t1,267.0,234.0,291.0,328.0,24.0,94.0,267,234,291,328,24,94,0.0,97.015,97.015,1.0,8,0.0,Yes
8,b,0001_top_20250626_t0,0001_top_20250626_t1,216.0,281.0,243.0,391.0,27.0,110.0,216,281,243,391,27,110,0.0,113.265,113.265,1.0,8,0.0,Yes
9,b,0001_top_20250626_t0,0001_top_20250626_t1,348.0,346.0,380.0,461.0,32.0,115.0,348,346,380,461,32,115,0.0,119.369,119.369,1.0,8,0.0,Yes
10,b,0001_top_20250626_t0,0001_top_20250626_t1,221.0,422.0,250.0,539.0,29.0,117.0,221,422,250,539,29,117,0.0,120.54,120.54,1.0,8,0.0,Yes
11,b,0001_top_20250626_t0,0001_top_20250626_t1,342.0,204.0,369.0,329.0,27.0,125.0,342,204,369,329,27,125,0.0,127.883,127.883,1.0,8,0.0,Yes
12,b,0001_top_20250626_t0,0001_top_20250626_t1,227.0,116.0,251.0,212.0,24.0,96.0,227,116,251,212,24,96,0.0,98.955,98.955,1.0,8,0.0,Yes
13,b,0001_top_20250626_t0,0001_top_20250626_t1,263.0,404.0,289.0,513.0,26.0,109.0,263,404,289,513,26,109,0.0,112.058,112.058,1.0,8,0.0,Yes
14,b,0001_top_20250626_t0,0001_top_20250626_t1,391.0,236.0,416.0,326.0,25.0,90.0,391,236,416,326,25,90,0.0,93.408,93.408,1.0,8,0.0,Yes
15,b,0001_top_20250626_t0,0001_top_20250626_t1,443.0,218.0,471.0,342.0,28.0,124.0,443,218,471,342,28,124,0.0,127.122,127.122,1.0,8,0.0,Yes
16,b,0001_top_20250626_t0,0001_top_20250626_t1,369.0,0.0,437.0,18.0,68.0,18.0,369,0,437,18,68,18,0.0,70.342,70.342,1.0,8,0.0,Yes
17,c,0001_top_20250702_t0,0001_top_20250702_t1,145.0,311.0,356.0,461.0,211.0,150.0,152,328,336,453,184,125,7.906,258.884,222.443,0.859,6,0.031,Yes
18,c,0001_top_20250702_t0,0001_top_20250702_t1,147.0,86.0,355.0,233.0,208.0,147.0,159,137,331,261,172,124,39.953,254.702,212.038,0.832,6,0.157,Yes
19,d,0001_top_20250703_t0,0001_top_20250703_t1,232.0,182.0,273.0,319.0,41.0,137.0,121,416,164,561,43,145,44.3,630.537,641.935,1.018,8,0.07,Yes
20,d,0001_top_20250703_t0,0001_top_20250703_t1,305.0,194.0,349.0,324.0,44.0,130.0,199,420,243,559,44,139,11.705,529.366,492.057,0.93,8,0.022,Yes
21,d,0001_top_20250703_t0,0001_top_20250703_t1,540.0,151.0,623.0,214.0,83.0,63.0,435,341,513,402,78,61,2.828,54.562,44.777,0.821,8,0.052,Yes
22,d,0001_top_20250703_t0,0001_top_20250703_t1,189.0,186.0,224.0,320.0,35.0,134.0,73,430,115,567,42,137,59.07,678.428,715.521,1.055,8,0.087,Yes
23,d,0001_top_20250703_t0,0001_top_20250703_t1,457.0,197.0,500.0,335.0,43.0,138.0,356,401,399,542,43,141,12.298,281.753,281.357,0.999,8,0.044,Yes
24,d,0001_top_20250703_t0,0001_top_20250703_t1,375.0,205.0,416.0,339.0,41.0,134.0,270,423,313,560,43,137,14.577,380.879,367.681,0.965,8,0.038,Yes
25,d,0001_top_20250703_t0,0001_top_20250703_t1,493.0,199.0,537.0,333.0,44.0,134.0,393,399,436,536,43,137,7.5,245.605,242.745,0.988,8,0.031,Yes
26,d,0001_top_20250703_t0,0001_top_20250703_t1,417.0,198.0,458.0,334.0,41.0,136.0,314,409,356,549,42,140,10.512,336.69,328.064,0.974,8,0.031,Yes
28,c,0001_top_20250711_t0,0001_top_20250711_t1,258.0,172.0,312.0,284.0,54.0,112.0,258,172,312,284,54,112,64.514,1076.785,1216.635,1.13,9,0.06,Yes
29,c,0001_top_20250711_t0,0001_top_20250711_t1,214.0,187.0,262.0,293.0,48.0,106.0,214,187,262,293,48,106,1.5,489.001,517.244,1.058,9,0.003,Yes
30,c,0001_top_20250711_t0,0001_top_20250711_t1,174.0,209.0,232.0,314.0,58.0,105.0,174,209,232,314,58,105,5.148,897.161,936.978,1.044,9,0.006,Yes
31,c,0001_top_20250711_t0,0001_top_20250711_t1,175.0,206.0,223.0,301.0,48.0,95.0,175,206,223,301,48,95,57.901,4114.244,4244.903,1.032,9,0.014,Yes
32,b,0002_top_20250626_t0,0002_top_20250626_t1,373.0,472.0,463.0,525.0,90.0,53.0,116,141,201,193,85,52,2.121,73.164,77.026,1.053,8,0.029,Yes
33,b,0002_top_20250626_t0,0002_top_20250626_t1,140.0,117.0,220.0,178.0,80.0,61.0,339,513,417,562,78,49,0.5,110.788,111.485,1.006,8,0.005,Yes
34,b,0002_top_20250626_t0,0002_top_20250626_t1,372.0,271.0,440.0,331.0,68.0,60.0,120,315,194,384,74,69,5.315,64.637,68.797,1.064,8,0.082,Yes
35,b,0002_top_20250626_t0,0002_top_20250626_t1,380.0,561.0,459.0,615.0,79.0,54.0,120,49,198,101,78,52,3.536,65.742,74.887,1.139,8,0.054,Yes
36,b,0002_top_20250626_t0,0002_top_20250626_t1,379.0,381.0,436.0,434.0,57.0,53.0,122,222,191,272,69,50,6.325,52.697,62.266,1.182,8,0.12,Yes
37,b,0002_top_20250626_t0,0002_top_20250626_t1,366.0,128.0,407.0,188.0,41.0,60.0,119,476,191,534,72,58,16.688,52.498,65.192,1.242,8,0.318,Yes
40,d,0002_top_20250704_t0,0002_top_20250704_t1,63.0,293.0,98.0,427.0,35.0,134.0,216,298,251,434,35,136,13.416,80.498,79.649,0.989,7,0.167,Yes
42,c,0002_top_20250705_t0,0002_top_20250705_t1,318.0,242.0,352.0,298.0,34.0,56.0,399,277,432,330,33,53,4.031,22.472,23.324,1.038,10,0.179,Yes
43,c,0002_top_20250705_t0,0002_top_20250705_t1,456.0,479.0,491.0,539.0,35.0,60.0,539,506,575,566,36,60,0.5,27.785,31.765,1.143,10,0.018,Yes
44,c,0002_top_20250705_t0,0002_top_20250705_t1,397.0,456.0,436.0,518.0,39.0,62.0,480,484,520,544,40,60,0.707,48.104,51.264,1.066,10,0.015,Yes
45,c,0002_top_20250705_t0,0002_top_20250705_t1,437.0,418.0,471.0,478.0,34.0,60.0,522,448,556,505,34,57,1.414,23.324,23.324,1.0,10,0.061,Yes
46,c,0002_top_20250705_t0,0002_top_20250705_t1,284.0,274.0,319.0,336.0,35.0,62.0,366,308,401,365,35,57,4.0,45.618,45.618,1.0,10,0.088,Yes
47,c,0002_top_20250705_t0,0002_top_20250705_t1,262.0,293.0,300.0,351.0,38.0,58.0,345,326,380,382,35,56,4.123,80.951,80.056,0.989,10,0.051,Yes
48,c,0002_top_20250705_t0,0002_top_20250705_t1,475.0,476.0,512.0,539.0,37.0,63.0,561,502,596,565,35,63,0.707,24.698,26.077,1.056,10,0.029,Yes
49,c,0002_top_20250705_t0,0002_top_20250705_t1,418.0,438.0,459.0,498.0,41.0,60.0,502,467,542,523,40,56,1.118,32.202,32.65,1.014,10,0.035,Yes
50,c,0002_top_20250705_t0,0002_top_20250705_t1,175.0,435.0,217.0,498.0,42.0,63.0,264,467,294,527,30,60,5.657,283.29,243.772,0.861,10,0.02,Yes
51,c,0002_top_20250705_t0,0002_top_20250705_t1,260.0,378.0,293.0,433.0,33.0,55.0,342,405,377,460,35,55,30.594,481.5,425.18,0.883,10,0.064,Yes
52,c,0002_top_20250705_t0,0002_top_20250705_t1,337.0,482.0,374.0,545.0,37.0,63.0,420,511,458,567,38,56,14.23,284.965,252.794,0.887,10,0.05,Yes
53,c,0002_top_20250705_t0,0002_top_20250705_t1,378.0,466.0,414.0,525.0,36.0,59.0,463,494,501,551,38,57,1.0,66.408,68.308,1.029,10,0.015,Yes
54,c,0002_top_20250705_t0,0002_top_20250705_t1,355.0,302.0,395.0,360.0,40.0,58.0,437,334,477,390,40,56,2.55,24.698,26.077,1.056,10,0.103,Yes
55,c,0002_top_20250705_t0,0002_top_20250705_t1,378.0,285.0,413.0,342.0,35.0,57.0,459,319,497,377,38,58,2.062,17.205,20.809,1.209,10,0.12,Yes
56,c,0002_top_20250705_t0,0002_top_20250705_t1,276.0,365.0,317.0,421.0,41.0,56.0,360,396,399,452,39,56,1.118,166.979,164.842,0.987,10,0.007,Yes
57,c,0002_top_20250705_t0,0002_top_20250705_t1,300.0,350.0,335.0,408.0,35.0,58.0,383,380,418,437,35,57,2.55,72.422,73.682,1.017,10,0.035,Yes
58,c,0002_top_20250705_t0,0002_top_20250705_t1,316.0,335.0,355.0,394.0,39.0,59.0,399,365,438,424,39,59,2.55,49.244,52.393,1.064,10,0.052,Yes
59,c,0002_top_20250705_t0,0002_top_20250705_t1,243.0,393.0,273.0,449.0,30.0,56.0,321,422,360,481,39,59,109.465,1595.791,1342.592,0.841,10,0.069,Yes
60,c,0002_top_20250705_t0,0002_top_20250705_t1,362.0,480.0,394.0,533.0,32.0,53.0,442,503,478,559,36,56,6.185,96.566,112.792,1.168,10,0.064,Yes
61,c,0002_top_20250705_t0,0002_top_20250705_t1,339.0,320.0,370.0,373.0,31.0,53.0,419,347,455,405,36,58,3.0,28.178,32.65,1.159,10,0.106,Yes
62,c,0002_top_20250705_t0,0002_top_20250705_t1,165.0,182.0,202.0,246.0,37.0,64.0,244,217,282,279,38,62,13.416,286.803,298.074,1.039,10,0.047,Yes
127,c,0002_top_20250711_t0,0002_top_20250711_t1,80.0,164.0,131.0,201.0,51.0,37.0,80,164,131,201,51,37,0.0,63.008,63.008,1.0,9,0.0,Yes
128,c,0002_top_20250711_t0,0002_top_20250711_t1,82.0,235.0,127.0,271.0,45.0,36.0,82,235,127,271,45,36,0.0,57.628,57.628,1.0,9,0.0,Yes
129,c,0002_top_20250711_t0,0002_top_20250711_t1,82.0,377.0,129.0,412.0,47.0,35.0,82,377,129,412,47,35,0.0,58.6,58.6,1.0,9,0.0,Yes
130,c,0002_top_20250711_t0,0002_top_20250711_t1,206.0,300.0,233.0,371.0,27.0,71.0,206,300,233,371,27,71,0.0,75.961,75.961,1.0,9,0.0,Yes
131,c,0002_top_20250711_t0,0002_top_20250711_t1,381.0,375.0,404.0,450.0,23.0,75.0,381,375,404,450,23,75,0.0,78.447,78.447,1.0,9,0.0,Yes
132,c,0002_top_20250711_t0,0002_top_20250711_t1,95.0,0.0,135.0,28.0,40.0,28.0,95,0,135,28,40,28,0.0,48.826,48.826,1.0,9,0.0,Yes
133,c,0002_top_20250711_t0,0002_top_20250711_t1,421.0,374.0,449.0,452.0,28.0,78.0,421,374,449,452,28,78,0.0,82.873,82.873,1.0,9,0.0,Yes
134,c,0002_top_20250711_t0,0002_top_20250711_t1,357.0,381.0,384.0,449.0,27.0,68.0,357,381,384,449,27,68,0.0,73.164,73.164,1.0,9,0.0,Yes
135,c,0002_top_20250711_t0,0002_top_20250711_t1,211.0,97.0,239.0,151.0,28.0,54.0,211,97,239,151,28,54,0.0,60.828,60.828,1.0,9,0.0,Yes
136,c,0002_top_20250711_t0,0002_top_20250711_t1,266.0,148.0,293.0,205.0,27.0,57.0,266,148,293,205,27,57,0.0,63.071,63.071,1.0,9,0.0,Yes
137,c,0002_top_20250711_t0,0002_top_20250711_t1,231.0,113.0,257.0,161.0,26.0,48.0,231,113,257,161,26,48,0.0,54.589,54.589,1.0,9,0.0,Yes
138,c,0002_top_20250711_t0,0002_top_20250711_t1,246.0,128.0,276.0,191.0,30.0,63.0,246,128,276,191,30,63,0.0,69.778,69.778,1.0,9,0.0,Yes
139,c,0002_top_20250711_t0,0002_top_20250711_t1,251.0,127.0,274.0,181.0,23.0,54.0,251,127,274,181,23,54,0.0,58.694,58.694,1.0,9,0.0,Yes
140,b,0003_top_20250626_t0,0003_top_20250626_t1,253.0,285.0,279.0,380.0,26.0,95.0,245,248,273,367,28,119,25.962,98.494,122.25,1.241,8,0.264,Yes
141,b,0003_top_20250626_t0,0003_top_20250626_t1,391.0,110.0,420.0,226.0,29.0,116.0,398,79,426,197,28,118,30.696,119.57,121.277,1.014,8,0.257,Yes
142,b,0003_top_20250626_t0,0003_top_20250626_t1,250.0,59.0,279.0,175.0,29.0,116.0,248,6,278,134,30,128,47.024,119.57,131.469,1.1,8,0.393,Yes
143,b,0003_top_20250626_t0,0003_top_20250626_t1,392.0,265.0,416.0,360.0,24.0,95.0,393,241,418,335,25,94,24.546,97.985,97.268,0.993,8,0.251,Yes
145,c,0003_top_20250711_t0,0003_top_20250711_t1,74.0,198.0,124.0,362.0,50.0,164.0,74,198,124,362,50,164,2.062,77.233,74.404,0.963,6,0.027,Yes
149,d,0004_top_20250623_t0,0004_top_20250623_t1,363.0,121.0,414.0,319.0,51.0,198.0,356,160,427,351,71,191,35.627,204.463,203.769,0.997,6,0.174,Yes
156,c,0004_top_20250702_t0,0004_top_20250702_t1,199.0,421.0,392.0,549.0,193.0,128.0,164,470,338,578,174,108,59.171,231.588,204.793,0.884,6,0.256,Yes
157,c,0004_top_20250702_t0,0004_top_20250702_t1,199.0,622.0,371.0,640.0,172.0,18.0,177,617,338,640,161,23,27.613,172.939,162.635,0.94,6,0.16,Yes
160,c,0004_top_20250703_t0,0004_top_20250703_t1,311.0,272.0,353.0,365.0,42.0,93.0,311,272,353,365,42,93,0.0,102.044,102.044,1.0,6,0.0,Yes
161,c,0004_top_20250703_t0,0004_top_20250703_t1,351.0,268.0,390.0,361.0,39.0,93.0,351,268,390,361,39,93,0.0,100.846,100.846,1.0,6,0.0,Yes
162,c,0004_top_20250703_t0,0004_top_20250703_t1,0.0,607.0,28.0,640.0,28.0,33.0,0,607,28,640,28,33,0.0,43.278,43.278,1.0,6,0.0,Yes
187,b,0004_top_20250709_t0,0004_top_20250709_t1,175.0,234.0,268.0,407.0,93.0,173.0,175,234,268,407,93,173,2.693,191.951,153.056,0.797,10,0.014,Yes
188,b,0004_top_20250709_t0,0004_top_20250709_t1,543.0,175.0,638.0,348.0,95.0,173.0,543,175,638,348,95,173,3.808,129.035,121.458,0.941,10,0.03,Yes
189,b,0004_top_20250709_t0,0004_top_20250709_t1,286.0,235.0,373.0,416.0,87.0,181.0,286,235,373,416,87,181,4.123,281.768,260.893,0.926,10,0.015,Yes
190,b,0004_top_20250709_t0,0004_top_20250709_t1,415.0,236.0,504.0,424.0,89.0,188.0,415,236,504,424,89,188,21.662,343.444,369.693,1.076,10,0.063,Yes
191,d,0005_top_20250704_t0,0005_top_20250704_t1,429.0,302.0,461.0,433.0,32.0,131.0,558,293,594,426,36,133,4.031,78.39,80.062,1.021,13,0.051,Yes
192,d,0005_top_20250704_t0,0005_top_20250704_t1,124.0,273.0,163.0,389.0,39.0,116.0,258,262,298,375,40,113,7.632,91.548,89.275,0.975,13,0.083,Yes
193,d,0005_top_20250704_t0,0005_top_20250704_t1,206.0,263.0,244.0,411.0,38.0,148.0,338,252,377,399,39,147,4.717,102.083,100.955,0.989,13,0.046,Yes
196,d,0005_top_20250709_t0,0005_top_20250709_t1,103.0,402.0,150.0,443.0,47.0,41.0,181,465,229,507,48,42,9.014,96.607,109.809,1.137,12,0.093,Yes
197,d,0005_top_20250709_t0,0005_top_20250709_t1,173.0,431.0,215.0,479.0,42.0,48.0,255,498,295,544,40,46,7.632,92.315,87.046,0.943,12,0.083,Yes
198,d,0005_top_20250709_t0,0005_top_20250709_t1,215.0,122.0,236.0,193.0,21.0,71.0,287,176,311,245,24,69,2.693,87.618,85.147,0.972,12,0.031,Yes
200,d,0006_top_20250624_t0,0006_top_20250624_t1,597.0,119.0,639.0,426.0,42.0,307.0,584,116,640,511,56,395,41.437,309.86,398.95,1.288,7,0.134,Yes
203,d,0006_top_20250703_t0,0006_top_20250703_t1,371.0,57.0,466.0,131.0,95.0,74.0,391,99,466,168,75,69,2.693,134.417,136.781,1.018,8,0.02,Yes
204,d,0006_top_20250703_t0,0006_top_20250703_t1,394.0,223.0,484.0,296.0,90.0,73.0,404,249,473,311,69,62,2.5,130.108,123.843,0.952,8,0.019,Yes
205,d,0006_top_20250703_t0,0006_top_20250703_t1,78.0,206.0,158.0,283.0,80.0,77.0,149,182,211,263,62,81,1.581,91.935,99.086,1.078,8,0.017,Yes
206,d,0006_top_20250703_t0,0006_top_20250703_t1,468.0,370.0,565.0,448.0,97.0,78.0,458,377,533,451,75,74,8.732,152.109,145.691,0.958,8,0.057,Yes
209,d,0007_top_20250623_t0,0007_top_20250623_t1,156.0,291.0,256.0,363.0,100.0,72.0,184,272,307,351,123,79,42.432,123.223,146.185,1.186,6,0.344,Yes
210,d,0007_top_20250623_t0,0007_top_20250623_t1,184.0,488.0,253.0,564.0,69.0,76.0,165,509,257,580,92,71,19.962,102.65,116.211,1.132,6,0.194,Yes
211,d,0007_top_20250623_t0,0007_top_20250623_t1,173.0,402.0,247.0,469.0,74.0,67.0,178,406,270,473,92,67,14.56,99.825,113.811,1.14,6,0.146,Yes
218,c,0007_top_20250702_t0,0007_top_20250702_t1,48.0,89.0,79.0,189.0,31.0,100.0,140,150,172,264,32,114,20.988,114.237,108.757,0.952,7,0.184,Yes
222,d,0007_top_20250703_t0,0007_top_20250703_t1,330.0,261.0,406.0,316.0,76.0,55.0,318,267,407,331,89,64,11.853,93.814,109.622,1.169,9,0.126,Yes
223,d,0007_top_20250703_t0,0007_top_20250703_t1,332.0,62.0,407.0,121.0,75.0,59.0,325,26,411,95,86,69,31.036,95.425,110.259,1.155,9,0.325,Yes
228,d,0007_top_20250704_t0,0007_top_20250704_t1,529.0,259.0,569.0,407.0,40.0,148.0,627,246,640,386,13,140,9.962,96.255,79.057,0.821,9,0.104,Yes
229,d,0007_top_20250704_t0,0007_top_20250704_t1,451.0,267.0,491.0,382.0,40.0,115.0,553,258,597,371,44,113,2.062,80.802,80.92,1.001,9,0.026,Yes
230,c,0007_top_20250705_t0,0007_top_20250705_t1,226.0,478.0,257.0,547.0,31.0,69.0,226,478,257,547,31,69,6.083,95.525,91.591,0.959,6,0.064,Yes
231,c,0007_top_20250705_t0,0007_top_20250705_t1,188.0,318.0,225.0,398.0,37.0,80.0,188,318,225,398,37,80,18.608,710.471,688.898,0.97,6,0.026,Yes
232,c,0007_top_20250705_t0,0007_top_20250705_t1,333.0,527.0,363.0,591.0,30.0,64.0,333,527,363,591,30,64,14.714,170.658,161.623,0.947,6,0.086,Yes
240,b,0008_top_20250626_t0,0008_top_20250626_t1,146.0,518.0,228.0,567.0,82.0,49.0,146,518,228,567,82,49,0.0,95.525,95.525,1.0,9,0.0,Yes
241,b,0008_top_20250626_t0,0008_top_20250626_t1,151.0,417.0,227.0,468.0,76.0,51.0,151,417,227,468,76,51,0.0,91.526,91.526,1.0,9,0.0,Yes
242,b,0008_top_20250626_t0,0008_top_20250626_t1,351.0,539.0,433.0,596.0,82.0,57.0,351,539,433,596,82,57,0.0,99.865,99.865,1.0,9,0.0,Yes
243,b,0008_top_20250626_t0,0008_top_20250626_t1,351.0,228.0,424.0,276.0,73.0,48.0,351,228,424,276,73,48,0.0,87.367,87.367,1.0,9,0.0,Yes
244,b,0008_top_20250626_t0,0008_top_20250626_t1,350.0,308.0,433.0,360.0,83.0,52.0,350,308,433,360,83,52,0.0,97.944,97.944,1.0,9,0.0,Yes
245,b,0008_top_20250626_t0,0008_top_20250626_t1,350.0,142.0,424.0,200.0,74.0,58.0,350,142,424,200,74,58,0.0,94.021,94.021,1.0,9,0.0,Yes
246,b,0008_top_20250626_t0,0008_top_20250626_t1,346.0,6.0,430.0,61.0,84.0,55.0,346,6,430,61,84,55,0.0,100.404,100.404,1.0,9,0.0,Yes
247,b,0008_top_20250626_t0,0008_top_20250626_t1,346.0,79.0,425.0,131.0,79.0,52.0,346,79,425,131,79,52,0.0,94.578,94.578,1.0,9,0.0,Yes
248,b,0008_top_20250626_t0,0008_top_20250626_t1,585.0,0.0,639.0,240.0,54.0,240.0,585,0,639,240,54,240,0.0,246.0,246.0,1.0,9,0.0,Yes
249,b,0008_top_20250707_t0,0008_top_20250707_t1,0.0,150.0,42.0,194.0,42.0,44.0,55,151,122,199,67,48,2081.187,7292.565,6028.628,0.827,7,0.285,Yes
250,b,0008_top_20250707_t0,0008_top_20250707_t1,0.0,207.0,42.0,253.0,42.0,46.0,53,207,122,255,69,48,1372.802,5728.962,4362.067,0.761,7,0.24,Yes
251,b,0008_top_20250707_t0,0008_top_20250707_t1,424.0,406.0,458.0,524.0,34.0,118.0,503,403,536,519,33,116,2.121,86.608,80.802,0.933,7,0.024,Yes
252,b,0008_top_20250707_t0,0008_top_20250707_t1,199.0,83.0,225.0,193.0,26.0,110.0,279,85,304,192,25,107,1.581,216.261,223.806,1.035,7,0.007,Yes
253,b,0008_top_20250707_t0,0008_top_20250707_t1,129.0,2.0,158.0,109.0,29.0,107.0,210,1,236,110,26,109,57.775,429.661,500.357,1.165,7,0.134,Yes
254,b,0008_top_20250707_t0,0008_top_20250707_t1,111.0,445.0,141.0,552.0,30.0,107.0,194,444,222,535,28,91,52.07,388.604,283.069,0.728,7,0.134,Yes
255,b,0008_top_20250707_t0,0008_top_20250707_t1,180.0,432.0,209.0,529.0,29.0,97.0,262,431,289,531,27,100,5.099,190.394,176.324,0.926,7,0.027,Yes
256,b,0008_top_20250707_t0,0008_top_20250707_t1,147.0,437.0,175.0,542.0,28.0,105.0,228,435,256,539,28,104,14.422,261.842,232.131,0.887,7,0.055,Yes
257,b,0008_top_20250707_t0,0008_top_20250707_t1,230.0,434.0,259.0,529.0,29.0,95.0,313,432,340,529,27,97,5.148,139.463,129.63,0.929,7,0.037,Yes
258,b,0008_top_20250707_t0,0008_top_20250707_t1,392.0,414.0,424.0,527.0,32.0,113.0,474,411,503,522,29,111,2.828,90.802,83.6,0.921,7,0.031,Yes
259,b,0008_top_20250707_t0,0008_top_20250707_t1,269.0,113.0,294.0,219.0,25.0,106.0,348,114,374,216,26,102,3.202,140.982,141.834,1.006,7,0.023,Yes
260,b,0008_top_20250707_t0,0008_top_20250707_t1,362.0,418.0,394.0,526.0,32.0,108.0,444,419,473,520,29,101,2.5,94.403,83.6,0.886,7,0.026,Yes
261,b,0008_top_20250707_t0,0008_top_20250707_t1,233.0,96.0,258.0,197.0,25.0,101.0,313,95,338,198,25,103,3.202,163.783,174.591,1.066,7,0.02,Yes
262,b,0008_top_20250707_t0,0008_top_20250707_t1,161.0,66.0,188.0,168.0,27.0,102.0,243,69,268,171,25,102,2.236,279.217,297.069,1.064,7,0.008,Yes
263,b,0008_top_20250707_t0,0008_top_20250707_t1,262.0,419.0,290.0,524.0,28.0,105.0,345,418,375,522,30,104,3.808,130.602,120.42,0.922,7,0.029,Yes
264,b,0008_top_20250707_t0,0008_top_20250707_t1,400.0,144.0,434.0,253.0,34.0,109.0,480,149,510,246,30,97,3.808,92.114,81.835,0.888,7,0.041,Yes
265,b,0008_top_20250707_t0,0008_top_20250707_t1,491.0,409.0,523.0,514.0,32.0,105.0,571,403,602,512,31,109,2.5,66.611,64.405,0.967,7,0.038,Yes
266,b,0008_top_20250707_t0,0008_top_20250707_t1,303.0,130.0,330.0,226.0,27.0,96.0,383,129,409,224,26,95,3.606,112.681,112.681,1.0,7,0.032,Yes
267,b,0008_top_20250707_t0,0008_top_20250707_t1,462.0,416.0,492.0,517.0,30.0,101.0,542,413,572,512,30,99,2.5,67.201,63.6,0.946,7,0.037,Yes
268,b,0008_top_20250707_t0,0008_top_20250707_t1,327.0,421.0,358.0,534.0,31.0,113.0,410,421,438,516,28,95,8.902,110.802,87.006,0.785,7,0.08,Yes
269,b,0008_top_20250707_t0,0008_top_20250707_t1,336.0,145.0,364.0,244.0,28.0,99.0,415,147,441,241,26,94,4.301,101.548,97.417,0.959,7,0.042,Yes
270,b,0008_top_20250707_t0,0008_top_20250707_t1,521.0,408.0,553.0,516.0,32.0,108.0,602,407,631,510,29,103,2.5,63.6,57.201,0.899,7,0.039,Yes
271,b,0008_top_20250707_t0,0008_top_20250707_t1,434.0,144.0,470.0,258.0,36.0,114.0,515,149,546,250,31,101,3.808,87.132,76.851,0.882,7,0.044,Yes
272,b,0008_top_20250707_t0,0008_top_20250707_t1,567.0,131.0,606.0,251.0,39.0,120.0,611,137,639,248,28,111,4.031,68.264,67.119,0.983,7,0.059,Yes
273,b,0008_top_20250707_t0,0008_top_20250707_t1,369.0,151.0,399.0,246.0,30.0,95.0,449,150,477,242,28,92,3.162,88.51,85.755,0.969,7,0.036,Yes
274,b,0008_top_20250707_t0,0008_top_20250707_t1,295.0,418.0,326.0,518.0,31.0,100.0,382,419,407,517,25,98,2.0,110.603,97.801,0.884,7,0.018,Yes
275,b,0008_top_20250707_t0,0008_top_20250707_t1,531.0,132.0,568.0,253.0,37.0,121.0,580,139,610,249,30,110,3.5,73.783,70.178,0.951,7,0.047,Yes
276,b,0008_top_20250707_t0,0008_top_20250707_t1,467.0,149.0,496.0,259.0,29.0,110.0,545,143,578,252,33,109,0.707,76.551,76.851,1.004,7,0.009,Yes
278,d,0008_top_20250709_t0,0008_top_20250709_t1,124.0,530.0,199.0,581.0,75.0,51.0,124,530,199,581,75,51,4.61,70.214,68.447,0.975,10,0.066,Yes
279,d,0008_top_20250709_t0,0008_top_20250709_t1,209.0,476.0,247.0,620.0,38.0,144.0,209,476,247,620,38,144,3.905,71.028,68.411,0.963,10,0.055,Yes
280,d,0008_top_20250709_t0,0008_top_20250709_t1,252.0,462.0,292.0,606.0,40.0,144.0,252,462,292,606,40,144,4.031,69.893,68.6,0.982,10,0.058,Yes
281,d,0008_top_20250709_t0,0008_top_20250709_t1,295.0,452.0,334.0,602.0,39.0,150.0,295,452,334,602,39,150,4.123,68.964,66.573,0.965,10,0.06,Yes
282,d,0008_top_20250709_t0,0008_top_20250709_t1,497.0,414.0,536.0,564.0,39.0,150.0,497,414,536,564,39,150,5.385,76.059,73.0,0.96,10,0.071,Yes
283,d,0008_top_20250709_t0,0008_top_20250709_t1,452.0,419.0,491.0,566.0,39.0,147.0,452,419,491,566,39,147,4.61,73.007,70.605,0.967,10,0.063,Yes
284,d,0008_top_20250709_t0,0008_top_20250709_t1,544.0,404.0,586.0,544.0,42.0,140.0,544,404,586,544,42,140,5.831,78.492,75.69,0.964,10,0.074,Yes
285,d,0008_top_20250709_t0,0008_top_20250709_t1,413.0,433.0,454.0,582.0,41.0,149.0,413,433,454,582,41,149,4.528,72.111,67.424,0.935,10,0.063,Yes
286,d,0008_top_20250709_t0,0008_top_20250709_t1,334.0,439.0,376.0,593.0,42.0,154.0,334,439,376,593,42,154,4.0,71.197,67.742,0.951,10,0.056,Yes
287,d,0008_top_20250709_t0,0008_top_20250709_t1,375.0,444.0,415.0,587.0,40.0,143.0,375,444,415,587,40,143,4.031,67.231,63.285,0.941,10,0.06,Yes
288,d,0008_top_20250709_t0,0008_top_20250709_t1,31.0,5.0,162.0,53.0,131.0,48.0,31,5,162,53,131,48,33.064,238.814,262.528,1.099,10,0.138,Yes
289,d,0008_top_20250709_t0,0008_top_20250709_t1,168.0,8.0,239.0,62.0,71.0,54.0,168,8,239,62,71,54,20.616,147.801,162.2,1.097,10,0.139,Yes
290,d,0008_top_20250709_t0,0008_top_20250709_t1,121.0,619.0,198.0,639.0,77.0,20.0,121,619,198,639,77,20,6.021,58.822,58.523,0.995,10,0.102,Yes
291,d,0009_top_20250703_t0,0009_top_20250703_t1,371.0,222.0,453.0,286.0,82.0,64.0,393,66,461,132,68,66,25.145,98.489,111.414,1.131,6,0.255,Yes
292,d,0009_top_20250703_t0,0009_top_20250703_t1,375.0,342.0,449.0,408.0,74.0,66.0,398,166,459,233,61,67,18.111,89.9,100.846,1.122,6,0.201,Yes
293,d,0009_top_20250704_t0,0009_top_20250704_t1,14.0,327.0,52.0,443.0,38.0,116.0,77,272,113,398,36,126,15.524,95.21,96.649,1.015,9,0.163,Yes
294,d,0009_top_20250704_t0,0009_top_20250704_t1,76.0,332.0,108.0,438.0,32.0,106.0,138,279,171,388,33,109,11.885,85.147,84.22,0.989,9,0.14,Yes
296,c,0009_top_20250705_t0,0009_top_20250705_t1,156.0,67.0,181.0,129.0,25.0,62.0,385,275,428,307,43,32,22.589,188.322,105.423,0.56,9,0.12,Yes
297,c,0009_top_20250705_t0,0009_top_20250705_t1,198.0,311.0,232.0,369.0,34.0,58.0,275,50,306,77,31,27,31.0,85.983,94.366,1.098,9,0.361,Yes
298,c,0009_top_20250705_t0,0009_top_20250705_t1,150.0,362.0,174.0,416.0,24.0,54.0,272,77,307,107,35,30,50.757,112.33,102.942,0.916,9,0.452,Yes
380,b,0009_top_20250707_t0,0009_top_20250707_t1,80.0,395.0,166.0,471.0,86.0,76.0,69,431,149,495,80,64,33.106,114.769,102.45,0.893,6,0.288,Yes
381,b,0009_top_20250707_t0,0009_top_20250707_t1,135.0,492.0,219.0,565.0,84.0,73.0,125,502,202,574,77,72,16.508,111.288,105.418,0.947,6,0.148,Yes
382,b,0009_top_20250707_t0,0009_top_20250707_t1,368.0,448.0,407.0,572.0,39.0,124.0,364,415,406,522,42,107,41.575,129.988,114.948,0.884,6,0.32,Yes
383,b,0009_top_20250707_t0,0009_top_20250707_t1,405.0,434.0,445.0,562.0,40.0,128.0,398,396,445,514,47,118,43.142,134.104,127.016,0.947,6,0.322,Yes
384,b,0009_top_20250707_t0,0009_top_20250707_t1,290.0,444.0,328.0,573.0,38.0,129.0,260,436,299,548,39,112,33.801,134.48,118.596,0.882,6,0.251,Yes
394,d,0010_top_20250623_t0,0010_top_20250623_t1,351.0,54.0,411.0,266.0,60.0,212.0,271,0,343,185,72,185,4.528,187.928,99.825,0.531,6,0.024,Yes
402,d,0010_top_20250704_t0,0010_top_20250704_t1,469.0,363.0,501.0,445.0,32.0,82.0,488,327,521,418,33,91,3.905,73.007,76.609,1.049,7,0.053,Yes
403,d,0010_top_20250704_t0,0010_top_20250704_t1,525.0,349.0,560.0,453.0,35.0,104.0,549,313,584,427,35,114,2.915,87.132,91.269,1.047,7,0.033,Yes
405,b,0010_top_20250708_t0,0010_top_20250708_t1,118.0,112.0,180.0,305.0,62.0,193.0,137,104,187,264,50,160,27.735,202.714,167.631,0.827,10,0.137,Yes
406,b,0010_top_20250708_t0,0010_top_20250708_t1,265.0,94.0,321.0,298.0,56.0,204.0,249,101,297,267,48,166,23.324,211.547,172.8,0.817,10,0.11,Yes
407,b,0010_top_20250708_t0,0010_top_20250708_t1,193.0,116.0,251.0,315.0,58.0,199.0,193,111,242,274,49,163,23.436,207.28,170.206,0.821,10,0.113,Yes
409,d,0011_top_20250623_t0,0011_top_20250623_t1,67.0,332.0,151.0,403.0,84.0,71.0,49,388,131,456,82,68,57.717,109.986,106.527,0.969,6,0.525,Yes
410,d,0011_top_20250623_t0,0011_top_20250623_t1,51.0,449.0,161.0,521.0,110.0,72.0,34,496,140,569,106,73,51.159,131.469,128.705,0.979,6,0.389,Yes
411,d,0011_top_20250623_t0,0011_top_20250623_t1,72.0,225.0,147.0,309.0,75.0,84.0,51,286,128,368,77,82,63.246,112.61,112.486,0.999,6,0.562,Yes
412,d,0011_top_20250623_t0,0011_top_20250623_t1,363.0,340.0,415.0,538.0,52.0,198.0,321,407,374,591,53,184,72.954,204.714,191.481,0.935,6,0.356,Yes
413,d,0011_top_20250623_t0,0011_top_20250623_t1,376.0,19.0,429.0,248.0,53.0,229.0,334,108,385,323,51,215,92.59,235.053,220.966,0.94,6,0.394,Yes
415,b,0011_top_20250630_t0,0011_top_20250630_t1,379.0,296.0,446.0,352.0,67.0,56.0,374,240,438,293,64,53,10.308,100.807,95.755,0.95,8,0.102,Yes
421,d,0011_top_20250703_t0,0011_top_20250703_t1,422.0,557.0,493.0,611.0,71.0,54.0,300,437,364,493,64,56,12.298,81.123,87.818,1.083,11,0.152,Yes
422,d,0011_top_20250703_t0,0011_top_20250703_t1,434.0,0.0,502.0,43.0,68.0,43.0,308,12,368,46,60,34,1.414,75.24,80.529,1.07,11,0.019,Yes
423,d,0011_top_20250703_t0,0011_top_20250703_t1,429.0,105.0,509.0,170.0,80.0,65.0,306,85,375,143,69,58,5.523,92.661,98.793,1.066,11,0.06,Yes
425,d,0011_top_20250704_t0,0011_top_20250704_t1,492.0,0.0,535.0,41.0,43.0,41.0,387,66,437,118,50,52,11.402,88.091,84.404,0.958,13,0.129,Yes
428,d,0011_top_20250708_t0,0011_top_20250708_t1,141.0,306.0,181.0,415.0,40.0,109.0,55,344,98,452,43,108,19.138,68.505,82.801,1.209,9,0.279,Yes
429,d,0011_top_20250708_t0,0011_top_20250708_t1,177.0,28.0,213.0,156.0,36.0,128.0,90,76,132,207,42,131,24.423,70.711,106.066,1.5,9,0.345,Yes
432,c,0011_top_20250711_t0,0011_top_20250711_t1,380.0,147.0,426.0,287.0,46.0,140.0,380,147,426,287,46,140,0.0,147.363,147.363,1.0,8,0.0,Yes
433,c,0011_top_20250711_t0,0011_top_20250711_t1,486.0,205.0,531.0,332.0,45.0,127.0,486,205,531,332,45,127,0.0,134.737,134.737,1.0,8,0.0,Yes
434,c,0011_top_20250711_t0,0011_top_20250711_t1,90.0,279.0,145.0,470.0,55.0,191.0,90,279,145,470,55,191,0.0,198.761,198.761,1.0,8,0.0,Yes
435,c,0011_top_20250711_t0,0011_top_20250711_t1,330.0,142.0,375.0,272.0,45.0,130.0,330,142,375,272,45,130,0.0,137.568,137.568,1.0,8,0.0,Yes
436,c,0011_top_20250711_t0,0011_top_20250711_t1,1.0,348.0,51.0,514.0,50.0,166.0,1,348,51,514,50,166,0.0,173.367,173.367,1.0,8,0.0,Yes
437,c,0011_top_20250711_t0,0011_top_20250711_t1,43.0,294.0,92.0,424.0,49.0,130.0,43,294,92,424,49,130,0.0,138.928,138.928,1.0,8,0.0,Yes
438,b,0012_top_20250630_t0,0012_top_20250630_t1,221.0,268.0,288.0,310.0,67.0,42.0,200,238,271,280,71,42,63.728,603.206,406.546,0.674,8,0.106,Yes
439,b,0012_top_20250630_t0,0012_top_20250630_t1,223.0,71.0,289.0,120.0,66.0,49.0,205,93,274,146,69,53,81.979,380.091,255.642,0.673,8,0.216,Yes
440,b,0012_top_20250630_t0,0012_top_20250630_t1,221.0,134.0,287.0,185.0,66.0,51.0,207,162,278,212,71,50,2.062,395.248,404.022,1.022,8,0.005,Yes
448,d,0012_top_20250703_t0,0012_top_20250703_t1,355.0,475.0,415.0,531.0,60.0,56.0,298,408,353,459,55,51,2.121,65.0,74.303,1.143,6,0.033,Yes
449,d,0012_top_20250703_t0,0012_top_20250703_t1,233.0,267.0,266.0,375.0,33.0,108.0,192,248,223,337,31,89,5.315,81.271,76.026,0.935,6,0.065,Yes
450,d,0012_top_20250703_t0,0012_top_20250703_t1,492.0,409.0,565.0,469.0,73.0,60.0,411,338,475,396,64,58,11.011,78.772,86.833,1.102,6,0.14,Yes
451,d,0012_top_20250703_t0,0012_top_20250703_t1,347.0,601.0,413.0,639.0,66.0,38.0,293,508,358,562,65,54,6.727,61.465,84.077,1.368,6,0.109,Yes
452,d,0012_top_20250703_t0,0012_top_20250703_t1,485.0,285.0,568.0,334.0,83.0,49.0,405,235,470,289,65,54,4.528,90.874,90.355,0.994,6,0.05,Yes
454,d,0012_top_20250704_t0,0012_top_20250704_t1,195.0,265.0,253.0,313.0,58.0,48.0,230,4,311,75,81,71,12.981,77.82,93.648,1.203,6,0.167,Yes
455,c,0013_top_20250702_t0,0013_a_top_20250702_t1,545.0,315.0,571.0,418.0,26.0,103.0,376,363,405,488,29,125,3.808,85.088,85.475,1.005,7,0.045,Yes
456,c,0013_top_20250702_t0,0013_a_top_20250702_t1,456.0,319.0,488.0,426.0,32.0,107.0,270,362,304,485,34,123,2.55,90.736,86.608,0.955,7,0.028,Yes
457,c,0013_top_20250702_t0,0013_a_top_20250702_t1,548.0,437.0,571.0,531.0,23.0,94.0,374,505,401,627,27,122,7.071,79.649,83.187,1.044,7,0.089,Yes
458,c,0013_top_20250702_t0,0013_a_top_20250702_t1,514.0,431.0,542.0,532.0,28.0,101.0,338,498,367,624,29,126,3.64,86.093,86.354,1.003,7,0.042,Yes
459,c,0013_top_20250702_t0,0013_a_top_20250702_t1,513.0,317.0,542.0,410.0,29.0,93.0,339,364,369,470,30,106,3.041,80.156,75.472,0.942,7,0.038,Yes
465,b,0013_top_20250703_t0,0013_top_20250703_t1,371.0,485.0,457.0,549.0,86.0,64.0,370,436,451,496,81,60,51.12,107.201,100.802,0.94,10,0.477,Yes
467,d,0013_top_20250704_t0,0013_top_20250704_t1,496.0,1.0,560.0,52.0,64.0,51.0,507,216,580,266,73,50,1.803,67.119,76.968,1.147,11,0.027,Yes
468,d,0013_top_20250704_t0,0013_top_20250704_t1,502.0,128.0,561.0,178.0,59.0,50.0,513,356,589,421,76,65,2.693,60.902,76.942,1.263,11,0.044,Yes
469,d,0013_top_20250704_t0,0013_top_20250704_t1,357.0,330.0,434.0,394.0,77.0,64.0,368,588,440,639,72,51,12.369,76.059,62.65,0.824,11,0.163,Yes
470,d,0013_top_20250704_t0,0013_top_20250704_t1,209.0,136.0,254.0,273.0,45.0,137.0,211,363,255,519,44,156,7.517,97.944,89.872,0.918,11,0.077,Yes
471,c,0013_top_20250711_t0,0013_top_20250711_t1,273.0,361.0,322.0,474.0,49.0,113.0,273,361,322,474,49,113,0.0,123.167,123.167,1.0,7,0.0,Yes
472,c,0013_top_20250711_t0,0013_top_20250711_t1,229.0,364.0,274.0,481.0,45.0,117.0,229,364,274,481,45,117,0.0,125.355,125.355,1.0,7,0.0,Yes
473,c,0013_top_20250711_t0,0013_top_20250711_t1,190.0,385.0,238.0,491.0,48.0,106.0,190,385,238,491,48,106,0.0,116.362,116.362,1.0,7,0.0,Yes
474,d,0014_top_20250704_t0,0014_top_20250704_t1,360.0,454.0,436.0,519.0,76.0,65.0,357,183,430,239,73,56,0.0,74.243,75.472,1.017,8,0.0,Yes
475,d,0014_top_20250704_t0,0014_top_20250704_t1,208.0,243.0,253.0,387.0,45.0,144.0,219,6,260,129,41,123,7.649,89.627,96.566,1.077,8,0.085,Yes
477,c,0014_top_20250707_t0,0014_top_20250707_t1,546.0,68.0,597.0,111.0,51.0,43.0,542,72,589,127,47,55,11.662,66.708,72.346,1.085,7,0.175,Yes
478,c,0014_top_20250707_t0,0014_top_20250707_t1,503.0,260.0,556.0,314.0,53.0,54.0,480,251,533,326,53,75,23.049,75.664,91.837,1.214,7,0.305,Yes
483,b,0014_top_20250708_t0,0014_top_20250708_t1,157.0,104.0,205.0,281.0,48.0,177.0,144,115,200,276,56,161,9.487,183.393,170.461,0.929,7,0.052,Yes
484,b,0014_top_20250708_t0,0014_top_20250708_t1,200.0,118.0,249.0,292.0,49.0,174.0,197,87,262,251,65,164,36.346,180.768,176.411,0.976,7,0.201,Yes
500,c,0015_top_20250624_t0,0015_top_20250624_t1,214.0,420.0,308.0,482.0,94.0,62.0,184,122,209,224,25,102,3.536,79.177,85.0,1.074,6,0.045,Yes
530,b,0015_top_20250626_t0,0015_top_20250626_t1,191.0,514.0,261.0,566.0,70.0,52.0,191,512,269,568,78,56,4.0,87.201,96.021,1.101,10,0.046,Yes
531,b,0015_top_20250626_t0,0015_top_20250626_t1,208.0,580.0,277.0,633.0,69.0,53.0,212,587,287,639,75,52,9.552,87.006,91.263,1.049,10,0.11,Yes
532,b,0015_top_20250626_t0,0015_top_20250626_t1,269.0,281.0,302.0,409.0,33.0,128.0,282,252,318,393,36,141,26.768,132.185,145.523,1.101,10,0.202,Yes
533,b,0015_top_20250626_t0,0015_top_20250626_t1,177.0,452.0,255.0,505.0,78.0,53.0,177,438,264,498,87,60,11.424,94.303,105.683,1.121,10,0.121,Yes
534,b,0015_top_20250626_t0,0015_top_20250626_t1,172.0,92.0,234.0,148.0,62.0,56.0,179,106,265,171,86,65,26.519,83.546,107.801,1.29,10,0.317,Yes
535,b,0015_top_20250626_t0,0015_top_20250626_t1,182.0,380.0,261.0,432.0,79.0,52.0,186,358,271,414,85,56,21.19,94.578,101.789,1.076,10,0.224,Yes
536,b,0015_top_20250626_t0,0015_top_20250626_t1,274.0,426.0,307.0,544.0,33.0,118.0,285,417,323,545,38,128,14.08,122.528,133.522,1.09,10,0.115,Yes
537,b,0015_top_20250626_t0,0015_top_20250626_t1,164.0,13.0,240.0,77.0,76.0,64.0,176,30,245,92,69,62,18.118,99.358,92.763,0.934,10,0.182,Yes
538,b,0015_top_20250626_t0,0015_top_20250626_t1,148.0,0.0,227.0,12.0,79.0,12.0,160,0,255,15,95,15,20.056,79.906,96.177,1.204,10,0.251,Yes
556,d,0017_top_20250623_t0,0017_top_20250623_t1,375.0,145.0,503.0,233.0,128.0,88.0,429,168,534,253,105,85,47.629,155.332,135.093,0.87,7,0.307,Yes
561,c,0017_top_20250702_t0,0017_top_20250702_t1,287.0,131.0,387.0,472.0,100.0,341.0,313,60,420,421,107,361,67.759,355.36,376.524,1.06,7,0.191,Yes
562,c,0017_top_20250703_t0,0017_top_20250703_t1,287.0,514.0,331.0,632.0,44.0,118.0,321,468,360,591,39,123,53.708,125.936,129.035,1.025,10,0.426,Yes
565,c,0017_top_20250708_t0,0017_top_20250708_t1,336.0,61.0,375.0,195.0,39.0,134.0,328,88,368,216,40,128,25.145,139.56,134.104,0.961,10,0.18,Yes
566,b,0017_top_20250711_t0,0017_top_20250711_t1,257.0,105.0,322.0,320.0,65.0,215.0,257,105,322,320,65,215,0.0,224.611,224.611,1.0,7,0.0,Yes
567,c,0018_top_20250702_t0,0018_top_20250702_t1,371.0,99.0,511.0,417.0,140.0,318.0,368,89,517,479,149,390,26.043,347.454,417.494,1.202,7,0.075,Yes
573,c,0019_top_20250703_t0,0019_top_20250703_t1,205.0,260.0,269.0,388.0,64.0,128.0,223,248,279,356,56,108,9.341,71.505,63.64,0.89,8,0.131,Yes
574,c,0019_top_20250703_t0,0019_top_20250703_t1,436.0,95.0,538.0,165.0,102.0,70.0,424,120,512,176,88,56,1.581,73.41,75.213,1.025,8,0.022,Yes
575,c,0019_top_20250703_t0,0019_top_20250703_t1,439.0,20.0,538.0,84.0,99.0,64.0,427,48,512,111,85,63,3.905,68.6,73.817,1.076,8,0.057,Yes
576,c,0019_top_20250703_t0,0019_top_20250703_t1,438.0,180.0,540.0,251.0,102.0,71.0,425,192,511,252,86,60,2.55,76.217,76.4,1.002,8,0.033,Yes
577,c,0019_top_20250703_t0,0019_top_20250703_t1,438.0,277.0,541.0,348.0,103.0,71.0,424,275,513,335,89,60,4.031,79.649,81.835,1.027,8,0.051,Yes
579,c,0019_top_20250707_t0,0019_top_20250707_t1,297.0,148.0,344.0,297.0,47.0,149.0,291,190,332,323,41,133,1.118,72.78,74.953,1.03,7,0.015,Yes
580,c,0019_top_20250707_t0,0019_top_20250707_t1,247.0,139.0,294.0,290.0,47.0,151.0,247,180,287,313,40,133,2.236,57.801,59.405,1.028,7,0.039,Yes
581,c,0019_top_20250707_t0,0019_top_20250707_t1,204.0,148.0,241.0,262.0,37.0,114.0,208,188,238,287,30,99,22.327,339.236,304.567,0.898,7,0.066,Yes
583,b,0019_top_20250711_t0,0019_top_20250711_t1,278.0,88.0,317.0,194.0,39.0,106.0,278,88,317,194,39,106,0.0,112.947,112.947,1.0,9,0.0,Yes
584,b,0019_top_20250711_t0,0019_top_20250711_t1,29.0,53.0,64.0,161.0,35.0,108.0,29,53,64,161,35,108,0.0,113.53,113.53,1.0,9,0.0,Yes
585,c,0020_top_20250703_t0,0020_top_20250703_t1,279.0,126.0,319.0,239.0,40.0,113.0,305,288,338,407,33,119,7.81,104.293,102.728,0.985,8,0.075,Yes
586,c,0020_top_20250703_t0,0020_top_20250703_t1,278.0,257.0,318.0,373.0,40.0,116.0,305,158,337,274,32,116,8.078,106.254,103.078,0.97,8,0.076,Yes
587,c,0020_top_20250703_t0,0020_top_20250703_t1,142.0,132.0,182.0,249.0,40.0,117.0,438,282,469,401,31,119,9.618,101.789,100.722,0.99,8,0.094,Yes
588,c,0020_top_20250703_t0,0020_top_20250703_t1,106.0,118.0,148.0,244.0,42.0,126.0,473,281,505,407,32,126,7.81,107.07,106.471,0.994,8,0.073,Yes
589,c,0020_top_20250703_t0,0020_top_20250703_t1,74.0,118.0,115.0,240.0,41.0,122.0,506,284,538,406,32,122,13.601,102.083,104.235,1.021,8,0.133,Yes
590,c,0020_top_20250703_t0,0020_top_20250703_t1,175.0,251.0,217.0,370.0,42.0,119.0,406,161,439,275,33,114,0.5,105.119,103.078,0.981,8,0.005,Yes
591,c,0020_top_20250703_t0,0020_top_20250703_t1,244.0,253.0,287.0,374.0,43.0,121.0,339,157,373,274,34,117,3.162,109.859,105.475,0.96,8,0.029,Yes
592,c,0020_top_20250703_t0,0020_top_20250703_t1,10.0,119.0,46.0,226.0,36.0,107.0,542,289,572,406,30,117,16.508,88.51,99.298,1.122,8,0.187,Yes
593,c,0020_top_20250703_t0,0020_top_20250703_t1,204.0,252.0,251.0,374.0,47.0,122.0,372,154,407,276,35,122,4.123,112.414,110.277,0.981,8,0.037,Yes
594,c,0020_top_20250703_t0,0020_top_20250703_t1,0.0,124.0,16.0,221.0,16.0,97.0,574,312,599,401,25,89,13.463,67.417,76.538,1.135,8,0.2,Yes
598,b,0020_top_20250711_t0,0020_top_20250711_t1,437.0,32.0,479.0,198.0,42.0,166.0,437,32,479,198,42,166,0.0,171.231,171.231,1.0,6,0.0,Yes
599,b,0020_top_20250711_t0,0020_top_20250711_t1,196.0,28.0,239.0,191.0,43.0,163.0,196,28,239,191,43,163,0.0,168.576,168.576,1.0,6,0.0,Yes
600,b,0021_top_20250619_t0,0021_top_20250619_t1,302.0,192.0,380.0,487.0,78.0,295.0,229,119,395,461,166,342,57.369,305.138,380.158,1.246,9,0.188,Yes
603,d,0021_top_20250626_t0,0021_top_20250626_t1,392.0,142.0,434.0,305.0,42.0,163.0,200,303,243,469,43,166,4.031,23.707,25.942,1.094,7,0.17,Yes
604,b,0022_top_20250619_t0,0022_top_20250619_t1,326.0,253.0,401.0,564.0,75.0,311.0,302,89,401,454,99,365,137.525,319.916,378.188,1.182,9,0.43,Yes
607,d,0022_top_20250626_t0,0022_top_20250626_t1,379.0,490.0,467.0,558.0,88.0,68.0,388,513,474,574,86,61,21.077,111.212,105.437,0.948,7,0.19,Yes
608,d,0022_top_20250626_t0,0022_top_20250626_t1,70.0,24.0,104.0,152.0,34.0,128.0,72,39,109,163,37,124,13.463,132.439,129.402,0.977,7,0.102,Yes
609,d,0022_top_20250626_t0,0022_top_20250626_t1,264.0,161.0,294.0,278.0,30.0,117.0,272,182,298,286,26,104,15.692,120.785,107.201,0.888,7,0.13,Yes
610,d,0022_top_20250626_t0,0022_top_20250626_t1,183.0,28.0,215.0,147.0,32.0,119.0,185,39,217,164,32,125,14.142,123.227,129.031,1.047,7,0.115,Yes
615,c,0022_top_20250630_t0,0022_top_20250630_t1,278.0,327.0,321.0,380.0,43.0,53.0,281,366,323,414,42,48,36.586,68.25,63.781,0.935,6,0.536,Yes
616,c,0022_top_20250630_t0,0022_top_20250630_t1,285.0,440.0,325.0,488.0,40.0,48.0,290,472,328,521,38,49,32.745,62.482,62.008,0.992,6,0.524,Yes
617,c,0022_top_20250630_t0,0022_top_20250630_t1,279.0,390.0,322.0,433.0,43.0,43.0,284,424,325,463,41,39,32.249,60.811,56.586,0.931,6,0.53,Yes
623,c,0022_top_20250702_t0,0022_top_20250702_t1,299.0,133.0,413.0,223.0,114.0,90.0,299,133,413,223,114,90,0.0,145.245,145.245,1.0,8,0.0,Yes
624,c,0022_top_20250702_t0,0022_top_20250702_t1,408.0,359.0,524.0,438.0,116.0,79.0,408,359,524,438,116,79,0.0,140.346,140.346,1.0,8,0.0,Yes
625,d,0023_top_20250626_t0,0023_top_20250626_t1,287.0,0.0,317.0,113.0,30.0,113.0,270,36,298,153,28,117,42.048,116.914,120.304,1.029,7,0.36,Yes
627,b,0023_top_20250711_t0,0023_top_20250711_t1,206.0,58.0,307.0,109.0,101.0,51.0,206,58,307,109,101,51,21.101,86.023,120.702,1.403,9,0.245,Yes
628,b,0023_top_20250711_t0,0023_top_20250711_t1,446.0,0.0,605.0,68.0,159.0,68.0,446,0,605,68,159,68,14.705,160.328,150.053,0.936,9,0.092,Yes
643,b,0025_top_20250707_t0,0025_top_20250707_t1,377.0,298.0,430.0,339.0,53.0,41.0,423,31,518,98,95,67,31.145,110.059,97.801,0.889,10,0.283,Yes
644,b,0025_top_20250707_t0,0025_top_20250707_t1,377.0,251.0,425.0,290.0,48.0,39.0,422,0,497,17,75,17,25.739,101.119,68.593,0.678,10,0.255,Yes
652,d,0026_top_20250623_t0,0026_top_20250623_t1,124.0,268.0,156.0,375.0,32.0,107.0,120,219,151,328,31,109,48.21,111.683,113.323,1.015,7,0.432,Yes
653,d,0026_top_20250623_t0,0026_top_20250623_t1,299.0,253.0,332.0,369.0,33.0,116.0,297,218,332,333,35,115,35.514,120.603,120.208,0.997,7,0.294,Yes
654,d,0026_top_20250623_t0,0026_top_20250623_t1,195.0,402.0,226.0,510.0,31.0,108.0,188,363,221,470,33,107,39.953,112.361,111.973,0.997,7,0.356,Yes
655,d,0026_top_20250623_t0,0026_top_20250623_t1,264.0,391.0,297.0,503.0,33.0,112.0,259,357,293,469,34,112,34.297,116.76,117.047,1.002,7,0.294,Yes
661,d,0027_top_20250623_t0,0027_top_20250623_t1,237.0,202.0,304.0,264.0,67.0,62.0,257,214,326,283,69,69,21.708,179.725,221.883,1.235,7,0.121,Yes
662,d,0027_top_20250623_t0,0027_top_20250623_t1,12.0,141.0,81.0,198.0,69.0,57.0,32,157,101,215,69,58,2.062,21.633,20.809,0.962,7,0.095,Yes
663,d,0027_top_20250623_t0,0027_top_20250623_t1,475.0,242.0,543.0,303.0,68.0,61.0,502,259,572,321,70,62,37.054,163.918,104.561,0.638,7,0.226,Yes
675,d,0027_top_20250709_t0,0027_top_20250709_t1,159.0,317.0,215.0,381.0,56.0,64.0,159,317,215,381,56,64,0.0,85.041,85.041,1.0,6,0.0,Yes
677,c,0028_top_20250704_t0,0028_top_20250704_t1,320.0,116.0,375.0,268.0,55.0,152.0,320,116,375,268,55,152,0.0,161.645,161.645,1.0,14,0.0,Yes
678,b,0028_top_20250707_t0,0028_top_20250707_t1,492.0,188.0,575.0,248.0,83.0,60.0,491,191,571,250,80,59,914.283,10810.177,8975.443,0.83,7,0.085,Yes
679,b,0028_top_20250707_t0,0028_top_20250707_t1,232.0,419.0,315.0,499.0,83.0,80.0,232,422,316,502,84,80,0.707,50.249,51.624,1.027,7,0.014,Yes
680,b,0028_top_20250707_t0,0028_top_20250707_t1,334.0,432.0,435.0,517.0,101.0,85.0,334,438,433,520,99,82,15.572,280.071,311.207,1.111,7,0.056,Yes
681,b,0028_top_20250707_t0,0028_top_20250707_t1,491.0,111.0,572.0,170.0,81.0,59.0,491,118,573,175,82,57,242.867,1142.167,1611.932,1.411,7,0.213,Yes
684,d,0028_top_20250709_t0,0028_top_20250709_t1,253.0,399.0,297.0,564.0,44.0,165.0,372,229,390,289,18,60,19.602,88.193,84.22,0.955,8,0.222,Yes
694,b,0029_top_20250619_t0,0029_top_20250619_t1,323.0,217.0,389.0,470.0,66.0,253.0,297,156,436,482,139,326,26.655,261.467,354.397,1.355,10,0.102,Yes
696,d,0029_top_20250704_t0,0029_top_20250704_t1,88.0,126.0,140.0,213.0,52.0,87.0,90,120,139,210,49,90,2.915,34.54,35.847,1.038,10,0.084,Yes
697,d,0029_top_20250704_t0,0029_top_20250704_t1,284.0,396.0,312.0,447.0,28.0,51.0,285,391,314,441,29,50,2.55,57.201,60.216,1.053,10,0.045,Yes
698,d,0029_top_20250704_t0,0029_top_20250704_t1,374.0,220.0,407.0,268.0,33.0,48.0,374,217,407,263,33,46,494.713,2103.664,2709.529,1.288,10,0.235,Yes
699,d,0029_top_20250704_t0,0029_top_20250704_t1,101.0,175.0,146.0,258.0,45.0,83.0,112,172,143,254,31,82,3.354,31.385,28.636,0.912,10,0.107,Yes
700,d,0029_top_20250704_t0,0029_top_20250704_t1,317.0,333.0,347.0,376.0,30.0,43.0,319,325,348,371,29,46,17.564,134.239,154.693,1.152,10,0.131,Yes
701,d,0029_top_20250704_t0,0029_top_20250704_t1,118.0,204.0,170.0,290.0,52.0,86.0,114,200,169,283,55,83,2.828,35.847,35.847,1.0,10,0.079,Yes
702,d,0029_top_20250704_t0,0029_top_20250704_t1,327.0,306.0,357.0,347.0,30.0,41.0,327,302,356,341,29,39,17.507,205.866,225.568,1.096,10,0.085,Yes
703,d,0029_top_20250704_t0,0029_top_20250704_t1,361.0,238.0,394.0,287.0,33.0,49.0,362,234,390,278,28,44,726.829,5380.478,4228.154,0.786,10,0.135,Yes
704,d,0029_top_20250704_t0,0029_top_20250704_t1,571.0,560.0,598.0,599.0,27.0,39.0,572,555,599,598,27,43,9.487,25.239,23.601,0.935,10,0.376,Yes
705,d,0029_top_20250704_t0,0029_top_20250704_t1,617.0,578.0,639.0,626.0,22.0,48.0,618,575,639,626,21,51,8.382,20.518,19.849,0.967,10,0.408,Yes
712,b,0029_top_20250707_t0,0029_top_20250707_t1,481.0,359.0,528.0,549.0,47.0,190.0,485,353,532,550,47,197,4.717,195.727,202.529,1.035,12,0.024,Yes
713,b,0029_top_20250707_t0,0029_top_20250707_t1,267.0,64.0,318.0,235.0,51.0,171.0,273,65,322,234,49,169,5.0,178.443,175.96,0.986,12,0.028,Yes
714,b,0029_top_20250707_t0,0029_top_20250707_t1,469.0,115.0,515.0,319.0,46.0,204.0,472,116,522,320,50,204,5.099,209.122,210.038,1.004,12,0.024,Yes
715,b,0029_top_20250707_t0,0029_top_20250707_t1,201.0,71.0,248.0,242.0,47.0,171.0,205,67,253,240,48,173,5.408,177.341,179.536,1.012,12,0.03,Yes
716,b,0029_top_20250707_t0,0029_top_20250707_t1,479.0,600.0,529.0,639.0,50.0,39.0,483,604,533,639,50,35,4.472,63.411,61.033,0.962,12,0.071,Yes
717,b,0029_top_20250707_t0,0029_top_20250707_t1,238.0,597.0,296.0,639.0,58.0,42.0,226,602,300,639,74,37,4.717,71.61,82.735,1.155,12,0.066,Yes
718,d,0030_top_20250623_t0,0030_top_20250623_t1,252.0,429.0,295.0,610.0,43.0,181.0,239,373,302,624,63,251,21.213,186.038,258.786,1.391,7,0.114,Yes
723,c,0031_top_20250703_t0,0031_top_20250703_t1,182.0,78.0,326.0,470.0,144.0,392.0,182,78,326,470,144,392,0.0,417.612,417.612,1.0,9,0.0,Yes
724,c,0031_top_20250703_t0,0031_top_20250703_t1,265.0,64.0,373.0,458.0,108.0,394.0,265,64,373,458,108,394,0.0,408.534,408.534,1.0,9,0.0,Yes
725,b,0033_top_20250707_t0,0033_top_20250707_t1,568.0,187.0,639.0,347.0,71.0,160.0,550,203,639,341,89,138,10.296,175.046,164.21,0.938,8,0.059,Yes
726,b,0033_top_20250707_t0,0033_top_20250707_t1,194.0,89.0,291.0,477.0,97.0,388.0,218,45,293,375,75,330,74.148,399.941,338.415,0.846,8,0.185,Yes
727,b,0033_top_20250707_t0,0033_top_20250707_t1,561.0,397.0,640.0,567.0,79.0,170.0,553,392,639,533,86,141,20.012,187.459,165.158,0.881,8,0.107,Yes
728,c,0034_top_20250704_t0,0034_top_20250704_t1,318.0,470.0,361.0,620.0,43.0,150.0,318,470,361,620,43,150,0.0,156.042,156.042,1.0,10,0.0,Yes
729,c,0034_top_20250704_t0,0034_top_20250704_t1,298.0,118.0,351.0,241.0,53.0,123.0,298,118,351,241,53,123,0.0,133.933,133.933,1.0,10,0.0,Yes
741,c,0039_top_20250704_t0,0039_top_20250704_t1,388.0,177.0,438.0,297.0,50.0,120.0,388,177,438,297,50,120,4.472,36.401,38.949,1.07,8,0.123,Yes
742,c,0040_top_20250623_t0,0040_top_20250623_t1,156.0,317.0,185.0,405.0,29.0,88.0,124,331,145,399,21,68,10.7,67.119,66.37,0.989,7,0.159,Yes
743,c,0040_top_20250623_t0,0040_top_20250623_t1,86.0,290.0,119.0,411.0,33.0,121.0,71,324,97,411,26,87,13.086,86.452,84.22,0.974,7,0.151,Yes
744,c,0040_top_20250623_t0,0040_top_20250623_t1,188.0,54.0,212.0,165.0,24.0,111.0,133,132,152,216,19,84,13.153,75.584,78.39,1.037,7,0.174,Yes
745,c,0040_top_20250623_t0,0040_top_20250623_t1,36.0,424.0,73.0,544.0,37.0,120.0,43,427,70,516,27,89,12.083,89.359,85.586,0.958,7,0.135,Yes
746,c,0040_top_20250623_t0,0040_top_20250623_t1,146.0,430.0,184.0,559.0,38.0,129.0,125,418,150,505,25,87,8.544,96.042,82.365,0.858,7,0.089,Yes
747,c,0040_top_20250623_t0,0040_top_20250623_t1,392.0,314.0,418.0,423.0,26.0,109.0,299,290,318,371,19,81,2.55,79.649,75.644,0.95,7,0.032,Yes
748,c,0040_top_20250623_t0,0040_top_20250623_t1,117.0,46.0,141.0,158.0,24.0,112.0,80,140,101,225,21,85,17.007,75.584,80.957,1.071,7,0.225,Yes
749,c,0040_top_20250623_t0,0040_top_20250623_t1,337.0,69.0,362.0,184.0,25.0,115.0,245,118,264,203,19,85,5.701,79.605,80.231,1.008,7,0.072,Yes
750,c,0040_top_20250623_t0,0040_top_20250623_t1,383.0,454.0,414.0,572.0,31.0,118.0,300,394,321,474,21,80,1.0,89.185,74.686,0.837,7,0.011,Yes
751,c,0040_top_20250623_t0,0040_top_20250623_t1,214.0,438.0,252.0,561.0,38.0,123.0,174,411,199,495,25,84,6.946,93.493,81.006,0.866,7,0.074,Yes
752,c,0040_top_20250623_t0,0040_top_20250623_t1,251.0,442.0,287.0,570.0,36.0,128.0,202,410,227,498,25,88,7.018,95.525,84.119,0.881,7,0.073,Yes
753,c,0040_top_20250623_t0,0040_top_20250623_t1,109.0,429.0,148.0,553.0,39.0,124.0,98,421,123,506,25,85,8.944,93.493,81.492,0.872,7,0.096,Yes
754,c,0040_top_20250623_t0,0040_top_20250623_t1,522.0,337.0,558.0,463.0,36.0,126.0,398,284,421,374,23,90,1.581,97.637,85.0,0.871,7,0.016,Yes
755,c,0040_top_20250623_t0,0040_top_20250623_t1,624.0,334.0,640.0,449.0,16.0,115.0,471,264,492,351,21,87,6.519,79.31,80.623,1.017,7,0.082,Yes
761,d,0041_top_20250704_t0,0041_top_20250704_t1,351.0,552.0,372.0,593.0,21.0,41.0,327,582,350,632,23,50,21.639,141.4,130.817,0.925,7,0.153,Yes
765,c,0043_top_20250623_t0,0043_top_20250623_t1,156.0,276.0,233.0,333.0,77.0,57.0,132,350,191,396,59,46,17.5,73.007,97.082,1.33,7,0.24,Yes
766,c,0043_top_20250623_t0,0043_top_20250623_t1,151.0,134.0,227.0,202.0,76.0,68.0,126,259,180,301,54,42,17.007,75.007,86.816,1.157,7,0.227,Yes
767,c,0043_top_20250623_t0,0043_top_20250623_t1,156.0,452.0,223.0,508.0,67.0,56.0,143,481,193,522,50,41,16.125,65.803,85.428,1.298,7,0.245,Yes
768,c,0043_top_20250623_t0,0043_top_20250623_t1,308.0,459.0,383.0,527.0,75.0,68.0,255,467,306,511,51,44,12.981,99.569,85.884,0.863,7,0.13,Yes
769,c,0043_top_20250623_t0,0043_top_20250623_t1,310.0,344.0,384.0,407.0,74.0,63.0,251,378,302,425,51,47,16.447,93.477,86.833,0.929,7,0.176,Yes
770,c,0043_top_20250623_t0,0043_top_20250623_t1,493.0,449.0,520.0,561.0,27.0,112.0,387,429,406,512,19,83,16.8,114.739,78.0,0.68,7,0.146,Yes
771,c,0043_top_20250623_t0,0043_top_20250623_t1,151.0,522.0,217.0,573.0,66.0,51.0,139,531,193,573,54,42,19.105,63.514,91.706,1.444,7,0.301,Yes
782,c,0044_top_20250623_t0,0044_top_20250623_t1,308.0,121.0,372.0,219.0,64.0,98.0,287,118,344,207,57,89,25.622,117.047,105.688,0.903,7,0.219,Yes
783,c,0044_top_20250623_t0,0044_top_20250623_t1,142.0,0.0,193.0,95.0,51.0,95.0,144,0,193,94,49,94,1.118,107.824,106.005,0.983,7,0.01,Yes
784,c,0044_top_20250623_t0,0044_top_20250623_t1,107.0,297.0,170.0,446.0,63.0,149.0,111,265,167,397,56,132,40.503,161.771,143.388,0.886,7,0.25,Yes
785,c,0044_top_20250623_t0,0044_top_20250623_t1,164.0,379.0,210.0,487.0,46.0,108.0,159,339,199,438,40,99,45.213,117.388,106.775,0.91,7,0.385,Yes
786,c,0044_top_20250623_t0,0044_top_20250623_t1,73.0,255.0,118.0,378.0,45.0,123.0,80,237,122,343,42,106,27.065,130.973,114.018,0.871,7,0.207,Yes
791,b,0045_top_20250626_t0,0045_top_20250626_t1,457.0,544.0,640.0,640.0,183.0,96.0,438,578,629,640,191,62,22.672,206.652,200.811,0.972,7,0.11,Yes
792,b,0045_top_20250626_t0,0045_top_20250626_t1,241.0,75.0,348.0,470.0,107.0,395.0,283,221,359,523,76,302,102.968,409.236,311.416,0.761,7,0.252,Yes
793,b,0045_top_20250626_t0,0045_top_20250626_t1,0.0,89.0,69.0,485.0,69.0,396.0,0,233,52,533,52,300,96.376,401.966,304.473,0.757,7,0.24,Yes
797,c,0047_top_20250623_t0,0047_top_20250623_t1,359.0,158.0,389.0,304.0,30.0,146.0,326,178,347,270,21,92,2.236,88.119,83.648,0.949,8,0.025,Yes
798,c,0047_top_20250623_t0,0047_top_20250623_t1,226.0,171.0,263.0,328.0,37.0,157.0,246,182,271,281,25,99,13.01,103.175,92.661,0.898,8,0.126,Yes
799,c,0047_top_20250623_t0,0047_top_20250623_t1,614.0,185.0,639.0,330.0,25.0,145.0,491,194,512,287,21,93,8.139,75.286,83.648,1.111,8,0.108,Yes
800,c,0047_top_20250623_t0,0047_top_20250623_t1,49.0,327.0,94.0,479.0,45.0,152.0,136,279,160,368,24,89,18.248,108.301,85.586,0.79,8,0.168,Yes
