t0_filename,t1_filename
0001_a_rear_20250708_t0.jpg,0001_a_rear_20250708_t1.jpg
0001_rear_20250704_t0.JPG,0001_rear_20250704_t1.JPG
0001_rear_20250705_t0.JPG,0001_rear_20250705_t1.JPG
0001_rear_20250707_t0.JPG,0001_rear_20250707_t1.JPG
0001_rear_20250708_t0.jpg,0001_rear_20250708_t1.jpg
0001_rear_a_20250705_t0.JPG,0001_rear_a_20250705_t1.JPG
0001_top_20250702_t0.jpg,0001_top_20250702_t1.jpg
0001_top_20250703_t0.JPG,0001_top_20250703_t1.JPG
0001_top_20250708_t0.jpg,0001_top_20250708_t1.jpg
0001_top_20250711_t0.jpg,0001_top_20250711_t1.jpg
0002_top_20250703_t0.JPG,0002_top_20250703_t1.JPG
0002_top_20250704_t0.JPG,0002_top_20250704_t1.JPG
0002_top_20250708_t0.jpg,0002_top_20250708_t1.jpg
0002_top_20250711_t0.JPG,0002_top_20250711_t1.JPG
0003_rear_20250709_t0.JPG,0003_rear_20250709_t1.JPG
0003_top_20250703_t0.JPG,0003_top_20250703_t1.JPG
0003_top_20250705_t0.JPG,0003_top_20250705_t1.JPG
0003_top_20250708_t0.jpg,0003_top_20250708_t1.jpg
0003_top_20250709_t0.JPG,0003_top_20250709_t1.JPG
0003_top_20250711_t0.JPG,0003_top_20250711_t1.JPG
0004_rear_20250704_t0.JPG,0004_rear_20250704_t1.JPG
0004_rear_20250705_t0.JPG,0004_rear_20250705_t1.JPG
0004_rear_20250709_t0.JPG,0004_rear_20250709_t1.JPG
0004_top_20250703_t0.JPG,0004_top_20250703_t1.JPG
0004_top_20250705_t0.JPG,0004_top_20250705_t1.JPG
0004_top_20250708_t0.jpg,0004_top_20250708_t1.jpg
0004_top_20250709_t0.JPG,0004_top_20250709_t1.JPG
0004_top_20250711_t0.JPG,0004_top_20250711_t1.JPG
0005_top_20250702_t0.jpg,0005_top_20250702_t1.jpg
0005_top_20250704_t0.JPG,0005_top_20250704_t1.JPG
0005_top_20250705_t0.JPG,0005_top_20250705_t1.JPG
0005_top_20250708_t0.jpg,0005_top_20250708_t1.jpg
0005_top_20250711_t0.JPG,0005_top_20250711_t1.JPG
0006_rear_20250705_t0.JPG,0006_rear_20250705_t1.JPG
0006_rear_20250711_t0.JPG,0006_rear_20250711_t1.JPG
0006_top_20250702_t0.jpg,0006_top_20250702_t1.jpg
0006_top_20250705_t0.JPG,0006_top_20250705_t1.JPG
0006_top_20250707_t0.JPG,0006_top_20250707_t1.JPG
0006_top_20250708_t0.jpg,0006_top_20250708_t1.jpg
0006_top_20250709_t0.JPG,0006_top_20250709_t1.JPG
0006_top_20250711_t0.JPG,0006_top_20250711_t1.JPG
0007_rear_20250705_t0.JPG,0007_rear_20250705_t1.JPG
0007_rear_a_20250705_t0.JPG,0007_rear_a_20250705_t1.JPG
0007_top_20250704_t0.JPG,0007_top_20250704_t1.JPG
0007_top_20250705_t0.JPG,0007_top_20250705_t1.JPG
0007_top_20250707_t0.JPG,0007_top_20250707_t1.JPG
0007_top_20250708_t0.jpg,0007_top_20250708_t1.jpg
0007_top_20250709_t0.JPG,0007_top_20250709_t1.JPG
0007_top_20250711_t0.jpg,0007_top_20250711_t1.jpg
0008_rear_20250708_t0.JPG,0008_rear_20250708_t1.JPG
0008_top_20250707_t0.JPG,0008_top_20250707_t1.JPG
0008_top_20250708_t0.JPG,0008_top_20250708_t1.JPG
0008_top_20250711_t0.JPG,0008_top_20250711_t1.JPG
0009_a_rear_20250709_t0.JPG,0009_a_rear_20250709_t1.JPG
0009_b_rear_20250709_t0.JPG,0009_b_rear_20250709_t1.JPG
0009_rear_20250707_t0.JPG,0009_rear_20250707_t1.JPG
0009_rear_20250709_t0.JPG,0009_rear_20250709_t1.JPG
0009_top_20250708_t0.JPG,0009_top_20250708_t1.JPG
0009_top_20250709_t0.JPG,0009_top_20250709_t1.JPG
0009_top_20250711_t0.JPG,0009_top_20250711_t1.JPG
0010_rear_20250708_t0.JPG,0010_rear_20250708_t1.JPG
0010_top_20250705_t0.JPG,0010_top_20250705_t1.JPG
0010_top_20250708_t0.JPG,0010_top_20250708_t1.JPG
0010_top_20250709_t0.JPG,0010_top_20250709_t1.JPG
0010_top_20250711_t0.jpg,0010_top_20250711_t1.jpg
0011_rear_20250704_t0.JPG,0011_rear_20250704_t1.JPG
0011_rear_20250709_t0.JPG,0011_rear_20250709_t1.JPG
0011_top_20250709_t0.JPG,0011_top_20250709_t1.JPG
0011_top_20250711_t0.jpg,0011_top_20250711_t1.jpg
0012_a_rear_20250709_t0.JPG,0012_a_rear_20250709_t1.JPG
0012_b_rear_20250709_t0.JPG,0012_b_rear_20250709_t1.JPG
0012_rear_20250704_t0.JPG,0012_rear_20250704_t1.JPG
0012_rear_20250707_t0.JPG,0012_rear_20250707_t1.JPG
0012_rear_20250709_t0.JPG,0012_rear_20250709_t1.JPG
0012_rear_a_20250707_t0.JPG,0012_rear_a_20250707_t1.JPG
0012_rear_b_20250707_t0.JPG,0012_rear_b_20250707_t1.JPG
0012_top_20250709_t0.JPG,0012_top_20250709_t1.JPG
0012_top_20250711_t0.jpg,0012_top_20250711_t1.jpg
0013_rear_20250702_t0.JPG,0013_rear_20250702_t1.JPG
0013_rear_20250704_t0.JPG,0013_rear_20250704_t1.JPG
0013_rear_20250707_t0.JPG,0013_rear_20250707_t1.JPG
0013_rear_a_20250707_t0.JPG,0013_rear_a_20250707_t1.JPG
0013_top_20250704_t0.JPG,0013_top_20250704_t1.JPG
0013_top_20250709_t0.JPG,0013_top_20250709_t1.JPG
0013_top_20250711_t0.jpg,0013_top_20250711_t1.jpg
0014_rear_a_20250707_t0.JPG,0014_rear_a_20250707_t1.JPG
0014_rear_b_20250707_t0.JPG,0014_rear_b_20250707_t1.JPG
0014_rear_c_20250707_t0.JPG,0014_rear_c_20250707_t1.JPG
0014_top_20250704_t0.JPG,0014_top_20250704_t1.JPG
0014_top_20250709_t0.JPG,0014_top_20250709_t1.JPG
0014_top_20250711_t0.jpg,0014_top_20250711_t1.jpg
0015_a_rear_20250709_t0.JPG,0015_a_rear_20250709_t1.JPG
0015_rear_20250709_t0.JPG,0015_rear_20250709_t1.JPG
0015_rear_20250711_t0.JPG,0015_rear_20250711_t1.JPG
0015_top_20250704_t0.JPG,0015_top_20250704_t1.JPG
0015_top_20250709_t0.JPG,0015_top_20250709_t1.JPG
0015_top_20250711_t0.JPG,0015_top_20250711_t1.JPG
0016_rear_20250704_t0.JPG,0016_rear_20250704_t1.JPG
0016_rear_20250707_t0.JPG,0016_rear_20250707_t1.JPG
0016_rear_20250708_t0.JPG,0016_rear_20250708_t1.JPG
0016_rear_20250711_t0.JPG,0016_rear_20250711_t1.JPG
0016_top_20250707_t0.JPG,0016_top_20250707_t1.JPG
0016_top_20250708_t0.JPG,0016_top_20250708_t1.JPG
0016_top_20250709_t0.JPG,0016_top_20250709_t1.JPG
0016_top_20250711_t0.JPG,0016_top_20250711_t1.JPG
0017_a_rear_20250709_t0.JPG,0017_a_rear_20250709_t1.JPG
0017_b_rear_20250709_t0.JPG,0017_b_rear_20250709_t1.JPG
0017_rear_20250707_t0.JPG,0017_rear_20250707_t1.JPG
0017_rear_20250709_t0.JPG,0017_rear_20250709_t1.JPG
0017_rear_20250711_t0.JPG,0017_rear_20250711_t1.JPG
0017_top_20250707_t0.JPG,0017_top_20250707_t1.JPG
0017_top_20250709_t0.JPG,0017_top_20250709_t1.JPG
0017_top_20250711_t0.JPG,0017_top_20250711_t1.JPG
0018_a_rear_20250704_t0.JPG,0018_a_rear_20250704_t1.JPG
0018_b_rear_20250704_t0.JPG,0018_b_rear_20250704_t1.JPG
0018_rear_20250704_t0.JPG,0018_rear_20250704_t1.JPG
0018_rear_20250707_t0.JPG,0018_rear_20250707_t1.JPG
0018_rear_20250711_t0.JPG,0018_rear_20250711_t1.JPG
0018_top_20250707_t0.JPG,0018_top_20250707_t1.JPG
0018_top_20250708_t0.jpg,0018_top_20250708_t1.jpg
0018_top_20250711_t0.JPG,0018_top_20250711_t1.JPG
0019_rear_20250702_t0.JPG,0019_rear_20250702_t1.JPG
0019_rear_20250707_t0.JPG,0019_rear_20250707_t1.JPG
0019_rear_20250708_t0.jpg,0019_rear_20250708_t1.jpg
0019_rear_a_20250707_t0.JPG,0019_rear_a_20250707_t1.JPG
0019_rear_b_20250707_t0.JPG,0019_rear_b_20250707_t1.JPG
0019_rear_c_20250707_t0.JPG,0019_rear_c_20250707_t1.JPG
0019_top_20250702_t0.JPG,0019_top_20250702_t1.JPG
0019_top_20250707_t0.JPG,0019_top_20250707_t1.JPG
0019_top_20250708_t0.jpg,0019_top_20250708_t1.jpg
0019_top_20250709_t0.jpg,0019_top_20250709_t1.jpg
0019_top_20250711_t0.JPG,0019_top_20250711_t1.JPG
0020_a_rear_20250704_t0.JPG,0020_a_rear_20250704_t1.JPG
0020_a_rear_20250711_t0.JPG,0020_a_rear_20250711_t1.JPG
0020_rear_20250708_t0.JPG,0020_rear_20250708_t1.JPG
0020_rear_20250711_t0.JPG,0020_rear_20250711_t1.JPG
0020_top_20250704_t0.JPG,0020_top_20250704_t1.JPG
0020_top_20250707_t0.JPG,0020_top_20250707_t1.JPG
0020_top_20250708_t0.JPG,0020_top_20250708_t1.JPG
0020_top_20250709_t0.jpg,0020_top_20250709_t1.jpg
0020_top_20250711_t0.JPG,0020_top_20250711_t1.JPG
0021_rear_20250703_t0.JPG,0021_rear_20250703_t1.JPG
0021_rear_20250711_t0.JPG,0021_rear_20250711_t1.JPG
0021_rear_a_20250707_t0.JPG,0021_rear_a_20250707_t1.JPG
0021_top_20250703_t0.JPG,0021_top_20250703_t1.JPG
0021_top_20250708_t0.JPG,0021_top_20250708_t1.JPG
0021_top_20250709_t0.jpg,0021_top_20250709_t1.jpg
0021_top_20250711_t0.JPG,0021_top_20250711_t1.JPG
0022_a_rear_20250711_t0.JPG,0022_a_rear_20250711_t1.JPG
0022_rear_20250707_t0.JPG,0022_rear_20250707_t1.JPG
0022_rear_20250711_t0.JPG,0022_rear_20250711_t1.JPG
0022_top_20250703_t0.JPG,0022_top_20250703_t1.JPG
0022_top_20250707_t0.JPG,0022_top_20250707_t1.JPG
0023_a_rear_20250711_t0.JPG,0023_a_rear_20250711_t1.JPG
0023_c_rear_20250711_t0.JPG,0023_c_rear_20250711_t1.JPG
0023_d_rear_20250711_t0.JPG,0023_d_rear_20250711_t1.JPG
0023_rear_20250704_t0.JPG,0023_rear_20250704_t1.JPG
0023_rear_20250711_t0.JPG,0023_rear_20250711_t1.JPG
0023_top_20250704_t0.JPG,0023_top_20250704_t1.JPG
0023_top_20250707_t0.JPG,0023_top_20250707_t1.JPG
0023_top_20250708_t0.JPG,0023_top_20250708_t1.JPG
0023_top_20250709_t0.jpg,0023_top_20250709_t1.jpg
0024_a_rear_20250711_t0.JPG,0024_a_rear_20250711_t1.JPG
0024_b_rear_20250711_t0.JPG,0024_b_rear_20250711_t1.JPG
0024_c_rear_20250711_t0.JPG,0024_c_rear_20250711_t1.JPG
0024_rear_20250703_t0.JPG,0024_rear_20250703_t1.JPG
0024_rear_20250707_t0.JPG,0024_rear_20250707_t1.JPG
0024_top_20250707_t0.JPG,0024_top_20250707_t1.JPG
0025_a_rear_20250708_t0.JPG,0025_a_rear_20250708_t1.JPG
0025_b_rear_20250708_t0.JPG,0025_b_rear_20250708_t1.JPG
0025_c_rear_20250708_t0.JPG,0025_c_rear_20250708_t1.JPG
0025_rear_20250703_t0.JPG,0025_rear_20250703_t1.JPG
0025_top_20250707_t0.JPG,0025_top_20250707_t1.JPG
0026_a_rear_20250708_t0.JPG,0026_a_rear_20250708_t1.JPG
0026_b_rear_20250708_t0.JPG,0026_b_rear_20250708_t1.JPG
0026_c_rear_20250708_t0.JPG,0026_c_rear_20250708_t1.JPG
0026_rear_20250704_t0.JPG,0026_rear_20250704_t1.JPG
0026_rear_20250708_t0.JPG,0026_rear_20250708_t1.JPG
0026_top_20250703_t0.JPG,0026_top_20250703_t1.JPG
0026_top_20250708_t0.JPG,0026_top_20250708_t1.JPG
0027_rear_20250707_t0.JPG,0027_rear_20250707_t1.JPG
0027_top_20250707_t0.JPG,0027_top_20250707_t1.JPG
0027_top_20250708_t0.JPG,0027_top_20250708_t1.JPG
0027_top_20250709_t0.jpg,0027_top_20250709_t1.jpg
0028_top_20250703_t0.JPG,0028_top_20250703_t1.JPG
0028_top_20250704_t0.JPG,0028_top_20250704_t1.JPG
0029_rear_20250703_t0.JPG,0029_rear_20250703_t1.JPG
0029_top_20250703_t0.JPG,0029_top_20250703_t1.JPG
0030_rear_20250707_t0.JPG,0030_rear_20250707_t1.JPG
0031_rear_20250703_t0.JPG,0031_rear_20250703_t1.JPG
0031_rear_20250704_t0.JPG,0031_rear_20250704_t1.JPG
0031_top_20250703_t0.JPG,0031_top_20250703_t1.JPG
0031_top_20250707_t0.JPG,0031_top_20250707_t1.JPG
0032_rear_20250703_t0.JPG,0032_rear_20250703_t1.JPG
0032_rear_20250707_t0.JPG,0032_rear_20250707_t1.JPG
0032_top_20250707_t0.JPG,0032_top_20250707_t1.JPG
0033_rear_20250703_t0.JPG,0033_rear_20250703_t1.JPG
0033_rear_20250707_t0.JPG,0033_rear_20250707_t1.JPG
0033_top_20250707_t0.JPG,0033_top_20250707_t1.JPG
0034_rear_20250703_t0.JPG,0034_rear_20250703_t1.JPG
0034_top_20250704_t0.JPG,0034_top_20250704_t1.JPG
0035_rear_20250703_t0.JPG,0035_rear_20250703_t1.JPG
0035_top_20250704_t0.JPG,0035_top_20250704_t1.JPG
0036_rear_20250703_t0.JPG,0036_rear_20250703_t1.JPG
0036_top_20250704_t0.JPG,0036_top_20250704_t1.JPG
0037_top_20250703_t0.JPG,0037_top_20250703_t1.JPG
0038_top_20250703_t0.JPG,0038_top_20250703_t1.JPG
0038_top_20250704_t0.JPG,0038_top_20250704_t1.JPG
0039_rear_20250704_t0.JPG,0039_rear_20250704_t1.JPG
0039_top_20250703_t0.JPG,0039_top_20250703_t1.JPG
0039_top_20250704_t0.JPG,0039_top_20250704_t1.JPG
0041_top_20250704_t0.JPG,0041_top_20250704_t1.JPG
0043_rear_20250704_t0.JPG,0043_rear_20250704_t1.JPG
0044_rear_20250704_t0.JPG,0044_rear_20250704_t1.JPG
0044_top_20250704_t0.JPG,0044_top_20250704_t1.JPG
0048_top_20250704_t0.JPG,0048_top_20250704_t1.JPG
0049_rear_20250704_t0.JPG,0049_rear_20250704_t1.JPG
0099_rear_20250703_t0.JPG,0099_rear_20250703_t1.JPG
30 T1_TOP_E_20250703.JPG,30 T1_TOP_E_20250703.JPG
30 T1_TOP_Q_20250703.JPG,30 T1_TOP_Q_20250703.JPG
s001_rear_20250704_t0.JPG,s001_rear_20250704_t1.JPG
s001_rear_20250705_t0.JPG,s001_rear_20250705_t1.JPG
s002_rear_20250704_t0.JPG,s002_rear_20250704_t1.JPG
s002_rear_20250711_t0.jpg,s002_rear_20250711_t1.jpg
s003_rear_20250704_t0.JPG,s003_rear_20250704_t1.JPG
s003_rear_20250707_t0.JPG,s003_rear_20250707_t1.JPG
s003_rear_20250711_t0.jpg,s003_rear_20250711_t1.jpg
s004_rear_20250702_t0.JPG,s004_rear_20250702_t1.JPG
s004_rear_20250708_t0.jpg,s004_rear_20250708_t1.jpg
s004_rear_20250711_t0.jpg,s004_rear_20250711_t1.jpg
s005_rear_20250704_t0.JPG,s005_rear_20250704_t1.JPG
s005_rear_20250707_t0.JPG,s005_rear_20250707_t1.JPG
s005_rear_20250708_t0.jpg,s005_rear_20250708_t1.jpg
s005_rear_20250711_t0.jpg,s005_rear_20250711_t1.jpg
s006_rear_20250707_t0.JPG,s006_rear_20250707_t1.JPG
s006_rear_20250708_t0.jpg,s006_rear_20250708_t1.jpg
s006_rear_20250711_t0.jpg,s006_rear_20250711_t1.jpg
s007_rear_20250707_t0.JPG,s007_rear_20250707_t1.JPG
s007_rear_20250711_t0.JPG,s007_rear_20250711_t1.JPG
s008_rear_20250704_t0.JPG,s008_rear_20250704_t1.JPG
s008_rear_20250707_t0.JPG,s008_rear_20250707_t1.JPG
s008_rear_20250708_t0.jpg,s008_rear_20250708_t1.jpg
s008_rear_20250711_t0.JPG,s008_rear_20250711_t1.JPG
s009_rear_20250704_t0.JPG,s009_rear_20250704_t1.JPG
s009_rear_20250705_t0.JPG,s009_rear_20250705_t1.JPG
s009_rear_20250708_t0.jpg,s009_rear_20250708_t1.jpg
s009_rear_20250711_t0.jpg,s009_rear_20250711_t1.jpg
s010_rear_20250704_t0.JPG,s010_rear_20250704_t1.JPG
s010_rear_20250708_t0.jpg,s010_rear_20250708_t1.jpg
s010_rear_20250711_t0.jpg,s010_rear_20250711_t1.jpg
s011_rear_20250704_t0.JPG,s011_rear_20250704_t1.JPG
s011_rear_20250708_t0.jpg,s011_rear_20250708_t1.jpg
s011_rear_20250711_t0.jpg,s011_rear_20250711_t1.jpg
s012_rear_20250704_t0.JPG,s012_rear_20250704_t1.JPG
s012_rear_20250708_t0.jpg,s012_rear_20250708_t1.jpg
s012_rear_20250711_t0.jpg,s012_rear_20250711_t1.jpg
s013_rear_20250704_t0.JPG,s013_rear_20250704_t1.JPG
s013_rear_20250707_t0.JPG,s013_rear_20250707_t1.JPG
s013_rear_20250708_t0.jpg,s013_rear_20250708_t1.jpg
s013_rear_20250711_t0.jpg,s013_rear_20250711_t1.jpg
s014_rear_20250707_t0.JPG,s014_rear_20250707_t1.JPG
s014_rear_20250711_t0.jpg,s014_rear_20250711_t1.jpg
s015_rear_20250707_t0.JPG,s015_rear_20250707_t1.JPG
s015_rear_20250708_t0.JPG,s015_rear_20250708_t1.JPG
s015_rear_20250711_t0.jpg,s015_rear_20250711_t1.jpg
s016_rear_20250707_t0.JPG,s016_rear_20250707_t1.JPG
s016_rear_20250708_t0.JPG,s016_rear_20250708_t1.JPG
s017_rear_20250708_t0.JPG,s017_rear_20250708_t1.JPG
s018_rear_20250707_t0.JPG,s018_rear_20250707_t1.JPG
s018_rear_20250708_t0.JPG,s018_rear_20250708_t1.JPG
s019_rear_20250707_t0.JPG,s019_rear_20250707_t1.JPG
s019_rear_20250708_t0.JPG,s019_rear_20250708_t1.JPG
s020_rear_20250708_t0.JPG,s020_rear_20250708_t1.JPG
s020_top_20250707_t0.JPG,s020_top_20250707_t1.JPG
s021_rear_20250708_t0.JPG,s021_rear_20250708_t1.JPG
s021_top_20250707_t0.JPG,s021_top_20250707_t1.JPG
s022_rear_20250708_t0.JPG,s022_rear_20250708_t1.JPG
s022_top_20250707_t0.JPG,s022_top_20250707_t1.JPG
s023_rear_20250708_t0.JPG,s023_rear_20250708_t1.JPG
s023_top_20250707_t0.JPG,s023_top_20250707_t1.JPG
s024_rear_20250707_t0.JPG,s024_rear_20250707_t1.JPG
s024_rear_20250708_t0.JPG,s024_rear_20250708_t1.JPG
s025_rear_20250707_t0.JPG,s025_rear_20250707_t1.JPG
s025_rear_20250708_t0.JPG,s025_rear_20250708_t1.JPG
s025_rear_20250711_t0.JPG,s025_rear_20250711_t1.JPG
s026_rear_20250707_t0.JPG,s026_rear_20250707_t1.JPG
s026_rear_20250708_t0.JPG,s026_rear_20250708_t1.JPG
s027_rear_20250707_t0.JPG,s027_rear_20250707_t1.JPG
s027_rear_20250708_t0.JPG,s027_rear_20250708_t1.JPG
s028_rear_20250707_t0.JPG,s028_rear_20250707_t1.JPG
s028_rear_20250708_t0.JPG,s028_rear_20250708_t1.JPG
0001_top_20250704_t0.png,0001_top_20250704_t1.png
0001_top_20250707_t0.png,0001_top_20250707_t1.png
0002_top_20250705_t0.png,0002_top_20250705_t1.png
0002_top_20250707_t0.png,0002_top_20250707_t1.png
0003_top_20250707_t0.png,0003_top_20250707_t1.png
0004_top_20250704_t0.png,0004_top_20250704_t1.png
0004_top_20250707_t0.png,0004_top_20250707_t1.png
0005_top_20250707_t0.png,0005_top_20250707_t1.png
0005_top_20250709_t0.png,0005_top_20250709_t1.png
0006_top_20250703_t0.png,0006_top_20250703_t1.png
0006_top_20250704_t0.png,0006_top_20250704_t1.png
0007_top_20250703_t0.png,0007_top_20250703_t1.png
0008_top_20250703_t0.png,0008_top_20250703_t1.png
0008_top_20250709_t0.png,0008_top_20250709_t1.png
0009_top_20250703_t0.png,0009_top_20250703_t1.png
0009_top_20250704_t0.png,0009_top_20250704_t1.png
0009_top_20250707_t0.png,0009_top_20250707_t1.png
0010_top_20250704_t0.png,0010_top_20250704_t1.png
0010_top_20250707_t0.png,0010_top_20250707_t1.png
0011_top_20250702_t0.png,0011_top_20250702_t1.png
0011_top_20250703_t0.png,0011_top_20250703_t1.png
0011_top_20250707_t0.png,0011_top_20250707_t1.png
0011_top_20250708_t0.png,0011_top_20250708_t1.png
0012_top_20250703_t0.png,0012_top_20250703_t1.png
0012_top_20250707_t0.png,0012_top_20250707_t1.png
0012_top_20250708_t0.png,0012_top_20250708_t1.png
0013_top_20250703_t0.png,0013_top_20250703_t1.png
0013_top_20250707_t0.png,0013_top_20250707_t1.png
0013_top_20250708_t0.png,0013_top_20250708_t1.png
0014_top_20250702_t0.png,0014_top_20250702_t1.png
0014_top_20250703_t0.png,0014_top_20250703_t1.png
0014_top_20250707_t0.png,0014_top_20250707_t1.png
0014_top_20250708_t0.png,0014_top_20250708_t1.png
0015_top_20250702_t0.png,0015_top_20250702_t1.png
0015_top_20250703_t0.png,0015_top_20250703_t1.png
0015_top_20250707_t0.png,0015_top_20250707_t1.png
0015_top_20250708_t0.png,0015_top_20250708_t1.png
0016_top_20250702_t0.png,0016_top_20250702_t1.png
0016_top_20250703_t0.png,0016_top_20250703_t1.png
0016_top_20250704_t0.png,0016_top_20250704_t1.png
0017_rear_20250702_t0.png,0017_rear_20250702_t1.png
0017_top_20250703_t0.png,0017_top_20250703_t1.png
0017_top_20250704_t0.png,0017_top_20250704_t1.png
0018_top_20250703_t0.png,0018_top_20250703_t1.png
0018_top_20250704_t0.png,0018_top_20250704_t1.png
0019_top_20250703_t0.png,0019_top_20250703_t1.png
0020_top_20250702_t0.png,0020_top_20250702_t1.png
0020_top_20250703_t0.png,0020_top_20250703_t1.png
0021_top_20250702_t0.png,0021_top_20250702_t1.png
0021_top_20250704_t0.png,0021_top_20250704_t1.png
0022_top_20250704_t0.png,0022_top_20250704_t1.png
0022_top_20250711_t0.png,0022_top_20250711_t1.png
0023_top_20250711_t0.png,0023_top_20250711_t1.png
0024_top_20250703_t0.png,0024_top_20250703_t1.png
0024_top_20250704_t0.png,0024_top_20250704_t1.png
0024_top_20250711_t0.png,0024_top_20250711_t1.png
0025_top_20250703_t0.png,0025_top_20250703_t1.png
0025_top_20250704_t0.png,0025_top_20250704_t1.png
0026_top_20250704_t0.png,0026_top_20250704_t1.png
0026_top_20250707_t0.png,0026_top_20250707_t1.png
0027_top_20250703_t0.png,0027_top_20250703_t1.png
0027_top_20250704_t0.png,0027_top_20250704_t1.png
0028_top_20250707_t0.png,0028_top_20250707_t1.png
0028_top_20250709_t0.png,0028_top_20250709_t1.png
0029_top_20250704_t0.png,0029_top_20250704_t1.png
0029_top_20250707_t0.png,0029_top_20250707_t1.png
0029_top_20250709_t0.png,0029_top_20250709_t1.png
0030_top_20250707_t0.png,0030_top_20250707_t1.png
0043_top_20250704_t0.png,0043_top_20250704_t1.png
0045_top_20250704_t0.png,0045_top_20250704_t1.png
0049_top_20250704_t0.png,0049_top_20250704_t1.png
0050_top_20250704_t0.png,0050_top_20250704_t1.png
30 T1_TOP_V_20250703.png,30 T1_TOP_V_20250703.png
s004_rear_20250704_t0.png,s004_rear_20250704_t1.png
